,Nome,CGC,Endereco
0,"ADAMANTINA, SP",0276-3,"rua dep. salles filho num 280 - centro 178000 - adamantina, sp tel: (18) 4003-1043 ag. numero: 0276-3 horario de atendimento: 10:00 as 15:00 (dias uteis)"
1,"AGUAI, SP",3427-4,"rua major braga num 759 - centro 1386039 - aguai, sp tel: (19) 4003-1043 ag. numero: 3427-4 horario de atendimento: 10:00 as 15:00 (dias uteis)"
2,"AGUAS DE LINDOIA, SP",1177-0,"avenida brasil num 246 - centro 1394027 - aguas de lindoia, sp tel: (19) 4003-1043 ag. numero: 1177-0 horario de atendimento: 10:00 as 15:00 (dias uteis)"
3,"AGUAS DE SAO PEDRO, SP",0277-1,"rua joao batista de azevedo num 231 - centro 135250 - aguas de sao pedro, sp tel: (19) 4003-1043 ag. numero: 0277-1 horario de atendimento: 10:00 as 15:00 (dias uteis)"
4,"AGUDOS, SP",1153-3,"rua treze de maio num 320 - centro 171209 - agudos, sp tel: (14) 4003-1043 ag. numero: 1153-3 horario de atendimento: 10:00 as 15:00 (dias uteis)"
