,Nome,CGC,Endereco
0,"ABAETE, MG",1059-6,"praca dr. amador a. silva num 151 - centro 356200 - abaete, mg tel: (37) 4003-1043 ag. numero: 1059-6 horario de atendimento: 10:00 as 15:00 (dias uteis)"
1,"AGUAS FORMOSAS, MG",3612-9,"rua deodoro de almeida pinto num 166 - centro 398800 - aguas formosas, mg tel: (33) 4003-1043 ag. numero: 3612-9 horario de atendimento: 10:00 as 15:00 (dias uteis)"
2,"AIMORES, MG",0704-8,"avenida raul soares num 104 - centro 352000 - aimores, mg tel: (33) 4003-1043 ag. numero: 0704-8 horario de atendimento: 10:00 as 15:00 (dias uteis)"
3,"ALEM PARAIBA, MG",1023-5,"rua coronel oscar cortes num 254 - centro 366600 - alem paraiba, mg tel: (32) 4003-1043 ag. numero: 1023-5 horario de atendimento: 10:00 as 15:00 (dias uteis)"
4,"ALFENAS, MG",0095-7,"praca getulio vargas num 334 - centro 3713073 - alfenas, mg tel: (37) 4003-1043 ag. numero: 0095-7 horario de atendimento: 10:00 as 15:00 (dias uteis)"
5,"LAGOS DE MINAS, MG",4390-7,"avenida jovino fernandes salles num 1240 - jardim alvorada 37135242 - alfenas, mg tel: (35) 4003-1043 ag. numero: 4390-7 horario de atendimento: 10:00 as 15:00 (dias uteis)"
6,"ALMENARA, MG",0606-8,"rua hermano souza num 105 - centro 399000 - almenara, mg tel: (33) 4003-1043 ag. numero: 0606-8 horario de atendimento: 10:00 as 15:00 (dias uteis)"
7,"ALPINOPOLIS, MG",4275-7,"avenida governador valadares num 539 - centro 379400 - alpinopolis, mg tel: (35) 4003-1043 ag. numero: 4275-7 horario de atendimento: 10:00 as 15:00 (dias uteis)"
8,"ANDRADAS, MG",0694-7,"rua coronel oliveira num 310 - centro 377950 - andradas, mg tel: (35) 4003-1043 ag. numero: 0694-7 horario de atendimento: 10:00 as 15:00 (dias uteis)"
9,"ARACUAI, MG",0705-6,"avenida doutor nuno melo num 286 - centro 396000 - aracuai, mg tel: (33) 4003-1043 ag. numero: 0705-6 horario de atendimento: 10:00 as 15:00 (dias uteis)"
10,"ARAGUARI, MG",0096-5,"avenida tiradentes num 381 - centro 38440238 - araguari, mg tel: (34) 4003-1043 ag. numero: 0096-5 horario de atendimento: 10:00 as 15:00 (dias uteis)"
11,"ARAXA, MG",0097-3,"avenida antonio carlos num 83 - centro 3818383 - araxa, mg tel: (34) 4003-1043 ag. numero: 0097-3 horario de atendimento: 10:00 as 15:00 (dias uteis)"
12,"ARCOS, MG",1696-9,"avenida governador valadares num 383 - centro 355880 - arcos, mg tel: (37) 4003-1043 ag. numero: 1696-9 horario de atendimento: 10:00 as 15:00 (dias uteis)"
13,"BAEPENDI, MG",0098-1,"rua jose alberto pelucio num 63 - centro 374430 - baependi, mg tel: (35) 4003-1043 ag. numero: 0098-1 horario de atendimento: 10:00 as 15:00 (dias uteis)"
14,"BAMBUI, MG",1901-1,"rua jose augusto chaves num 388 - centro 389000 - bambui, mg tel: (37) 4003-1043 ag. numero: 1901-1 horario de atendimento: 11:00 as 16:00 (dias uteis)"
15,"BARAO DE COCAIS, MG",2838-0,"avenida wilson alvarenga de oliveira num 410 - viuva 359700 - barao de cocais, mg tel: (31) 4003-1043 ag. numero: 2838-0 horario de atendimento: 10:00 as 15:00 (dias uteis)"
16,"BARBACENA, MG",0099-0,"rua quinze de novembro num 200 - centro 3620074 - barbacena, mg tel: (32) 4003-1043 ag. numero: 0099-0 horario de atendimento: 10:00 as 15:00 (dias uteis)"
17,"21 DE ABRIL, MG",2187-3,"avenida alvares cabral num 476 - centro 301700 - belo horizonte, mg tel: (31) 4003-1043 ag. numero: 2187-3 horario de atendimento: 10:00 as 16:00 (dias uteis)"
18,"ABC, MG",2255-1,"avenida getulio vargas num 470 - funcionarios 3011220 - belo horizonte, mg tel: (31) 4003-1043 ag. numero: 2255-1 horario de atendimento: 10:00 as 16:00 (dias uteis)"
19,"ALIPIO DE MELO, MG",2427-9,"avenida abilio machado num 1873 - gloria 30830373 - belo horizonte, mg tel: (31) 4003-1043 ag. numero: 2427-9 horario de atendimento: 10:00 as 16:00 (dias uteis)"
20,"ALTEROSAS, MG",2161-0,"rua julio pereira da silva num 86 - cidade nova 31170360 - belo horizonte, mg tel: (31) 4003-1043 ag. numero: 2161-0 horario de atendimento: 10:00 as 16:00 (dias uteis)"
21,"BAIRRO CEU AZUL, MG",2279-9,"joao gualberto dos santos num 72 - ceu azul 31580500 - belo horizonte, mg tel: (31) 4003-1043 ag. numero: 2279-9 horario de atendimento: 10:00 as 16:00 (dias uteis)"
22,"BAIRRO SANTA MONICA, MG",4216-1,"rua erico verissimo num 1662 - santa monica 315200 - belo horizonte, mg tel: (31) 4003-1043 ag. numero: 4216-1 horario de atendimento: 10:00 as 16:00 (dias uteis)"
23,"BARREIRO, MG",0082-5,"avenida sinfronio brochado num 645 - barreiro 306400 - belo horizonte, mg tel: (31) 4003-1043 ag. numero: 0082-5 horario de atendimento: 10:00 as 16:00 (dias uteis)"
24,"BARRO PRETO, MG",0083-3,"avenida augusto de lima num 1578 - barro preto 301903 - belo horizonte, mg tel: (31) 4003-1043 ag. numero: 0083-3 horario de atendimento: 10:00 as 16:00 (dias uteis)"
25,"BELVEDERE, MG",2922-0,"avenida luis paulo franco num 533 - belvedere 30320570 - belo horizonte, mg tel: (31) 4003-1043 ag. numero: 2922-0 horario de atendimento: 10:00 as 16:00 (dias uteis)"
26,"BETANIA, MG",1422-2,"rua ursula paulino num 1300 - betania 305802 - belo horizonte, mg tel: (31) 4003-1043 ag. numero: 1422-2 horario de atendimento: 10:00 as 16:00 (dias uteis)"
27,"BURITIS, MG",2923-8,"avenida professor mario werneck num 1200 - buritis 30455610 - belo horizonte, mg tel: (31) 4003-1043 ag. numero: 2923-8 horario de atendimento: 10:00 as 16:00 (dias uteis)"
28,"CALAFATE, MG",1640-3,"avenida silva lobo num 1400 - nova granada 30431262 - belo horizonte, mg tel: (31) 4003-1043 ag. numero: 1640-3 horario de atendimento: 10:00 as 16:00 (dias uteis)"
29,"CARMO-SION, MG",1532-6,"avenida do contorno num 5809 - santa efigenia 3011017 - belo horizonte, mg tel: (31) 4003-1043 ag. numero: 1532-6 horario de atendimento: 10:00 as 16:00 (dias uteis)"
30,"CELSO FURTADO, MG",2984-0,"rua timbiras num 2344 - lourdes 3014061 - belo horizonte, mg tel: (31) 4003-1043 ag. numero: 2984-0 horario de atendimento: 10:00 as 16:00 (dias uteis)"
31,"DEL REY, MG",3311-1,"rua mantena num 22 - ouro preto 31310430 - belo horizonte, mg tel: (31) 4003-1043 ag. numero: 3311-1 horario de atendimento: 10:00 as 16:00 (dias uteis)"
32,"FLORESTA, MG",0086-8,"avenida do contorno num 1528 - floresta 301108 - belo horizonte, mg tel: (31) 4003-1043 ag. numero: 0086-8 horario de atendimento: 10:00 as 16:00 (dias uteis)"
33,"HORTO FLORESTAL, MG",0087-6,"rua pouso alegre num 2342 - santa tereza 31010514 - belo horizonte, mg tel: (31) 4003-1043 ag. numero: 0087-6 horario de atendimento: 10:00 as 16:00 (dias uteis)"
34,"IMPERADOR, MG",0090-6,"avenida dom pedro ii num 1408 - bonfim 31210442 - belo horizonte, mg tel: (31) 4003-1043 ag. numero: 0090-6 horario de atendimento: 10:00 as 16:00 (dias uteis)"
35,"INCONFIDENCIA, MG",0085-0,"rua curitiba num 888 - centro 30170120 - belo horizonte, mg tel: (31) 4003-1043 ag. numero: 0085-0 horario de atendimento: 10:00 as 16:00 (dias uteis)"
36,"ITACOLOMI, MG",2426-0,"avenida francisco deslandes num 991 - anchieta 30310530 - belo horizonte, mg tel: (31) 4003-1043 ag. numero: 2426-0 horario de atendimento: 10:00 as 16:00 (dias uteis)"
37,"JOAO GUIMARAES ROSA, MG",3552-1,"avenida olinto meireles num 2600 - miramar 30620330 - belo horizonte, mg tel: (31) 4003-1043 ag. numero: 3552-1 horario de atendimento: 10:00 as 16:00 (dias uteis)"
38,"LAGOA DO NADO, MG",2983-1,"avenida doutor cristiano guimaraes num 1691 - planalto 31720300 - belo horizonte, mg tel: (31) 4003-1043 ag. numero: 2983-1 horario de atendimento: 10:00 as 16:00 (dias uteis)"
39,"LUXEMBURGO, MG",1530-0,"rua guaicui num 81 - coracao de jesus 30380380 - belo horizonte, mg tel: (31) 4003-1043 ag. numero: 1530-0 horario de atendimento: 10:00 as 16:00 (dias uteis)"
40,"MANGABEIRAS, MG",0681-5,"avenida afonso pena num 4045 - mangabeiras 301308 - belo horizonte, mg tel: (31) 4003-1043 ag. numero: 0681-5 horario de atendimento: 10:00 as 16:00 (dias uteis)"
41,"MINAS GERAIS, MG",0815-0,"rua jacui num 3636 - ipiranga 31160190 - belo horizonte, mg tel: (31) 4003-1043 ag. numero: 0815-0 horario de atendimento: 10:00 as 16:00 (dias uteis)"
42,"MINAS TENIS, MG",1533-4,"rua antonio de albuquerque num 1065 - lourdes 3011211 - belo horizonte, mg tel: (31) 4003-1043 ag. numero: 1533-4 horario de atendimento: 10:00 as 16:00 (dias uteis)"
43,"OLEGARIO MACIEL, MG",0536-3,"avenida olegario maciel num 591 - centro 30180110 - belo horizonte, mg tel: (31) 4003-1043 ag. numero: 0536-3 horario de atendimento: 10:00 as 16:00 (dias uteis)"
44,"PADRE EUSTAQUIO, MG",0089-2,"rua padre eustaquio num 2571 - padre eustaquio 30720100 - belo horizonte, mg tel: (31) 4003-1043 ag. numero: 0089-2 horario de atendimento: 10:00 as 16:00 (dias uteis)"
45,"PAMPULHA, MG",1746-9,"avenida presidente antonio carlos num 7636 - sao luiz 31270672 - belo horizonte, mg tel: (31) 4003-1043 ag. numero: 1746-9 horario de atendimento: 10:00 as 16:00 (dias uteis)"
46,"PARC ROYAL, MG",1667-5,"rua da bahia num 902 - centro 3016011 - belo horizonte, mg tel: (31) 4003-1043 ag. numero: 1667-5 horario de atendimento: 10:00 as 16:00 (dias uteis)"
47,"SANTA EFIGENIA, MG",0093-0,"rua maranhao num 318 - santa efigenia 30150330 - belo horizonte, mg tel: (31) 4003-1043 ag. numero: 0093-0 horario de atendimento: 10:00 as 16:00 (dias uteis)"
48,"SANTO AGOSTINHO, MG",0935-0,"avenida do contorno num 8256 - lourdes 3011062 - belo horizonte, mg tel: (31) 4003-1043 ag. numero: 0935-0 horario de atendimento: 10:00 as 16:00 (dias uteis)"
49,"SAVASSI, MG",0091-4,"avenida cristovao colombo num 373 - funcionarios 30140140 - belo horizonte, mg tel: (31) 4003-1043 ag. numero: 0091-4 horario de atendimento: 10:00 as 16:00 (dias uteis)"
50,"SECULO, MG",0084-1,"rua carijos num 218 - centro 3012060 - belo horizonte, mg tel: (31) 4003-1043 ag. numero: 0084-1 horario de atendimento: 10:00 as 16:00 (dias uteis)"
51,"TUPINAMBAS, MG",0081-7,"rua tupinambas num 462 - centro 3012070 - belo horizonte, mg tel: (31) 4003-1043 ag. numero: 0081-7 horario de atendimento: 10:00 as 16:00 (dias uteis)"
52,"UFMG, MG",0821-4,"avenida antonio carlos num 6627 - pampulha 31270901 - belo horizonte, mg tel: (31) 4003-1043 ag. numero: 0821-4 horario de atendimento: 10:00 as 16:00 (dias uteis)"
53,"VENDA NOVA, MG",1022-7,"rua padre pedro pinto num 1580 - venda nova 31615310 - belo horizonte, mg tel: (31) 4003-1043 ag. numero: 1022-7 horario de atendimento: 10:00 as 16:00 (dias uteis)"
54,"VILA RICA, MG",2432-5,"avenida francisco sa num 1369 - gutierrez 3044121 - belo horizonte, mg tel: (31) 4003-1043 ag. numero: 2432-5 horario de atendimento: 10:00 as 16:00 (dias uteis)"
55,"BELO ORIENTE, MG",4392-3,"avenida brasil num 347 - centro 351950 - belo oriente, mg tel: (31) 4003-1043 ag. numero: 4392-3 horario de atendimento: 10:00 as 15:00 (dias uteis)"
56,"BETIM, MG",0892-3,"avenida presidente kubitschek num 229 - centro 32600225 - betim, mg tel: (31) 4003-1043 ag. numero: 0892-3 horario de atendimento: 10:00 as 15:00 (dias uteis)"
57,"CAPELA NOVA, MG",2464-3,"avenida governador valadares num 445 - centro 32600125 - betim, mg tel: (31) 4003-1043 ag. numero: 2464-3 horario de atendimento: 10:00 as 15:00 (dias uteis)"
58,"PORTAL DOS SERTOES, MG",2837-1,"avenida bandeirantes num 470 - filadelfia 32670248 - betim, mg tel: (31) 4003-1043 ag. numero: 2837-1 horario de atendimento: 10:00 as 15:00 (dias uteis)"
59,"SAO CAETANO, MG",3814-8,"avenida tapajos num 1640 - vila cristina 32675864 - betim, mg tel: (31) 4003-1043 ag. numero: 3814-8 horario de atendimento: 10:00 as 15:00 (dias uteis)"
60,"BICAS, MG",1488-5,"rua coronel souza num 22 - centro 366000 - bicas, mg tel: (32) 4003-1043 ag. numero: 1488-5 horario de atendimento: 10:00 as 15:00 (dias uteis)"
61,"BOA ESPERANCA, MG",0100-7,"rua presidente vargas num 925 - centro 371700 - boa esperanca, mg tel: (35) 4003-1043 ag. numero: 0100-7 horario de atendimento: 10:00 as 15:00 (dias uteis)"
62,"BOCAIUVA, MG",2779-0,"avenida jose brandao filho num 328 - centro 393900 - bocaiuva, mg tel: (38) 4003-1043 ag. numero: 2779-0 horario de atendimento: 10:00 as 15:00 (dias uteis)"
63,"BOM DESPACHO, MG",1060-0,"praca da matriz num 260 - centro 356000 - bom despacho, mg tel: (37) 4003-1043 ag. numero: 1060-0 horario de atendimento: 10:00 as 15:00 (dias uteis)"
64,"BOM SUCESSO, MG",1440-0,"praca da padroeira num 23 - centro 372200 - bom sucesso, mg tel: (35) 4003-1043 ag. numero: 1440-0 horario de atendimento: 10:00 as 15:00 (dias uteis)"
65,"BORDA DA MATA, MG",1685-3,"praca antonio megale num 42 - centro 375640 - borda da mata, mg tel: (35) 4003-1043 ag. numero: 1685-3 horario de atendimento: 10:00 as 15:00 (dias uteis)"
66,"BRUMADINHO, MG",2808-8,"avenida getulio vargas num 165 - centro 354600 - brumadinho, mg tel: (31) 4003-1043 ag. numero: 2808-8 horario de atendimento: 10:00 as 15:00 (dias uteis)"
67,"BURITIS DE MINAS, MG",4979-4,"rua ceara num 615 - centro 386600 - buritis, mg tel: (38) 4003-1043 ag. numero: 4979-4 horario de atendimento: 10:00 as 15:00 (dias uteis)"
68,"CAETE, MG",1441-9,"avenida joao pinheiro num 3531 - pedra branca 348000 - caete, mg tel: (31) 4003-1043 ag. numero: 1441-9 horario de atendimento: 10:00 as 15:00 (dias uteis)"
69,"CALDAS, MG",1442-7,"praca melo viana num 261 - centro 377800 - caldas, mg tel: (35) 4003-1043 ag. numero: 1442-7 horario de atendimento: 10:00 as 15:00 (dias uteis)"
70,"CAMANDUCAIA, MG",1470-2,"praca senador francisco escobar num 81 - centro 376500 - camanducaia, mg tel: (35) 4003-1043 ag. numero: 1470-2 horario de atendimento: 10:00 as 15:00 (dias uteis)"
71,"CAMBUI, MG",1061-8,"rua joao moreira salles num 190 - centro 376000 - cambui, mg tel: (35) 4003-1043 ag. numero: 1061-8 horario de atendimento: 10:00 as 15:00 (dias uteis)"
72,"CAMBUQUIRA, MG",0101-5,"avenida virgilio m. franco num 348 - centro 374200 - cambuquira, mg tel: (35) 4003-1043 ag. numero: 0101-5 horario de atendimento: 10:00 as 15:00 (dias uteis)"
73,"CAMPANHA, MG",0102-3,"rua doutor brandao num 54 - centro 374000 - campanha, mg tel: (35) 4003-1043 ag. numero: 0102-3 horario de atendimento: 10:00 as 15:00 (dias uteis)"
74,"CAMPESTRE, MG",1721-3,"avenida cel. jose custodio num 228 - centro 377300 - campestre, mg tel: (35) 4003-1043 ag. numero: 1721-3 horario de atendimento: 10:00 as 15:00 (dias uteis)"
75,"CAMPINA VERDE, MG",1062-6,"avenida onze num 687 - centro 382700 - campina verde, mg tel: (34) 4003-1043 ag. numero: 1062-6 horario de atendimento: 10:00 as 15:00 (dias uteis)"
76,"CAMPO BELO, MG",0103-1,"praca dos expedicionarios num 93 - centro 372700 - campo belo, mg tel: (35) 4003-1043 ag. numero: 0103-1 horario de atendimento: 10:00 as 15:00 (dias uteis)"
77,"CAMPOS ALTOS, MG",4535-7,"rua joao soares de souza num 295a - centro 389700 - campos altos, mg tel: (37) 4003-1043 ag. numero: 4535-7 horario de atendimento: 10:00 as 15:00 (dias uteis)"
78,"CAMPOS GERAIS, MG",1975-5,"rua coronel carlos caiafa num 528 - centro 371600 - campos gerais, mg tel: (35) 4003-1043 ag. numero: 1975-5 horario de atendimento: 10:00 as 15:00 (dias uteis)"
79,"CAPELINHA, MG",3378-2,"rua governador valadares num 165 - centro 396800 - capelinha, mg tel: (33) 4003-1043 ag. numero: 3378-2 horario de atendimento: 10:00 as 15:00 (dias uteis)"
80,"CAPINOPOLIS, MG",3651-0,"avenida vicente de paula fontoura num 89 - centro 383600 - capinopolis, mg tel: (34) 4003-1043 ag. numero: 3651-0 horario de atendimento: 10:00 as 15:00 (dias uteis)"
81,"CARANDAI, MG",0104-0,"praca capitao policarpo rocha num 80 - centro 362800 - carandai, mg tel: (32) 4003-1043 ag. numero: 0104-0 horario de atendimento: 10:00 as 15:00 (dias uteis)"
82,"CARANGOLA, MG",0105-8,"rua pedro de oliveira num 71/81 - centro 368000 - carangola, mg tel: (32) 4003-1043 ag. numero: 0105-8 horario de atendimento: 10:00 as 15:00 (dias uteis)"
83,"CARATINGA, MG",0106-6,"praca cesario alvim num 19 - centro 3530036 - caratinga, mg tel: (33) 4003-1043 ag. numero: 0106-6 horario de atendimento: 10:00 as 15:00 (dias uteis)"
84,"CARLOS CHAGAS, MG",0770-6,"avenida capitao joao pinto num 215 - centro 398640 - carlos chagas, mg tel: (33) 4003-1043 ag. numero: 0770-6 horario de atendimento: 10:00 as 15:00 (dias uteis)"
85,"CARMO DO CAJURU, MG",3748-6,"rua jose demetrio coelho num 510 - centro 355570 - carmo do cajuru, mg tel: (37) 4003-1043 ag. numero: 3748-6 horario de atendimento: 10:00 as 15:00 (dias uteis)"
86,"CARMO DO PARANAIBA, MG",1900-3,"avenida aristides de melo num 577 - centro 3884050 - carmo do paranaiba, mg tel: (34) 4003-1043 ag. numero: 1900-3 horario de atendimento: 10:00 as 15:00 (dias uteis)"
87,"CARMO DO RIO CLARO, MG",3401-0,"rua capitao pedro augusto correa num 55 - centro 371500 - carmo do rio claro, mg tel: (35) 4003-1043 ag. numero: 3401-0 horario de atendimento: 10:00 as 15:00 (dias uteis)"
88,"CARMOPOLIS DE MINAS, MG",3815-6,"rua padre francisco num 89 - centro 355340 - carmopolis de minas, mg tel: (37) 4003-1043 ag. numero: 3815-6 horario de atendimento: 10:00 as 15:00 (dias uteis)"
89,"CASSIA, MG",0107-4,"avenida dr luciano batista num 45 - centro 379800 - cassia, mg tel: (35) 4003-1043 ag. numero: 0107-4 horario de atendimento: 10:00 as 15:00 (dias uteis)"
90,"CATAGUASES, MG",0108-2,"praca governador valadares num 26 - centro 3677071 - cataguases, mg tel: (32) 4003-1043 ag. numero: 0108-2 horario de atendimento: 10:00 as 15:00 (dias uteis)"
91,"CAXAMBU, MG",0109-0,"avenida camilo soares num 645 - centro 374400 - caxambu, mg tel: (35) 4003-1043 ag. numero: 0109-0 horario de atendimento: 10:00 as 15:00 (dias uteis)"
92,"CLAUDIO, MG",0817-6,"avenida presidente tancredo neves num 135 - centro 355300 - claudio, mg tel: (37) 4003-1043 ag. numero: 0817-6 horario de atendimento: 10:00 as 15:00 (dias uteis)"
93,"CONCEICAO DAS ALAGOAS, MG",3538-6,"avenida brasil num 419 - centro 381200 - conceicao das alagoas, mg tel: (34) 4003-1043 ag. numero: 3538-6 horario de atendimento: 10:00 as 15:00 (dias uteis)"
94,"CONCEICAO DO MATO DENTRO, MG",2277-2,"rua bias fortes num 106 - centro 358600 - conceicao do mato dentro, mg tel: (31) 4003-1043 ag. numero: 2277-2 horario de atendimento: 10:00 as 15:00 (dias uteis)"
95,"CONCEICAO DO RIO VERDE, MG",0110-4,"rua olimpio eufrasio filho num 6 - centro 374300 - conceicao do rio verde, mg tel: (35) 4003-1043 ag. numero: 0110-4 horario de atendimento: 10:00 as 15:00 (dias uteis)"
96,"CONGONHAS, MG",1044-8,"praca doutor mario rodrigues pereira num 58 - centro 3641069 - congonhas, mg tel: (31) 4003-1043 ag. numero: 1044-8 horario de atendimento: 10:00 as 15:00 (dias uteis)"
97,"CONQUISTA, MG",1686-1,"praca cel. tancredo franca num 5 - centro 381950 - conquista, mg tel: (34) 4003-1043 ag. numero: 1686-1 horario de atendimento: 10:00 as 15:00 (dias uteis)"
98,"CONSELHEIRO LAFAIETE, MG",0127-9,"rua melo viana num 65 - centro 3640070 - conselheiro lafaiete, mg tel: (31) 4003-1043 ag. numero: 0127-9 horario de atendimento: 10:00 as 15:00 (dias uteis)"
99,"CONSELHEIRO PENA, MG",0706-4,"avenida jose mauricio de vasconcellos num 1673 - centro 352400 - conselheiro pena, mg tel: (33) 4003-1043 ag. numero: 0706-4 horario de atendimento: 10:00 as 15:00 (dias uteis)"
100,"CONTAGEM, MG",0893-1,"avenida joao cesar de oliveira num 1010 - eldorado 323100 - contagem, mg tel: (31) 4003-1043 ag. numero: 0893-1 horario de atendimento: 10:00 as 16:00 (dias uteis)"
101,"JARDIM INDUSTRIAL, MG",1639-0,"rua tiradentes num 2426 - industrial 3223020 - contagem, mg tel: (31) 4003-1043 ag. numero: 1639-0 horario de atendimento: 10:00 as 16:00 (dias uteis)"
102,"RESSACA, MG",3797-4,"rua diamante num 1600 - sao joaquim 321130 - contagem, mg tel: (31) 4003-1043 ag. numero: 3797-4 horario de atendimento: 10:00 as 16:00 (dias uteis)"
103,"VALE VERDE, MG",1529-6,"praca silviano brandao num 55 - centro 32017680 - contagem, mg tel: (31) 4003-1043 ag. numero: 1529-6 horario de atendimento: 10:00 as 16:00 (dias uteis)"
104,"CORINTO, MG",0629-7,"rua antonio vieira machado num 95 - centro 392000 - corinto, mg tel: (38) 4003-1043 ag. numero: 0629-7 horario de atendimento: 10:00 as 15:00 (dias uteis)"
105,"COROMANDEL, MG",1697-7,"avenida municipal num 807 - centro 385500 - coromandel, mg tel: (34) 4003-1043 ag. numero: 1697-7 horario de atendimento: 10:00 as 15:00 (dias uteis)"
106,"CORONEL FABRICIANO, MG",0894-0,"rua jose cornelio num 131 - centro 351708 - coronel fabriciano, mg tel: (31) 4003-1043 ag. numero: 0894-0 horario de atendimento: 10:00 as 15:00 (dias uteis)"
107,"MELO VIANA, MG",3704-4,"avenida doutor jose de magalhaes pinto num 1653 - giovanini 3517097 - coronel fabriciano, mg tel: (31) 4003-1043 ag. numero: 3704-4 horario de atendimento: 10:00 as 15:00 (dias uteis)"
108,"CRUZILIA, MG",0603-3,"rua coronel cornelio maciel num 45 - centro 374450 - cruzilia, mg tel: (35) 4003-1043 ag. numero: 0603-3 horario de atendimento: 10:00 as 15:00 (dias uteis)"
109,"CURVELO, MG",0111-2,"praca benedito valadares num 11 - centro 35790207 - curvelo, mg tel: (38) 4003-1043 ag. numero: 0111-2 horario de atendimento: 10:00 as 15:00 (dias uteis)"
110,"DIAMANTINA, MG",0112-0,"rua direita num 86 - centro 391000 - diamantina, mg tel: (38) 4003-1043 ag. numero: 0112-0 horario de atendimento: 10:00 as 15:00 (dias uteis)"
111,"DIVINO, MG",4401-6,"rua coronel laurindo luiz viana num 54 - centro 368200 - divino, mg tel: (32) 4003-1043 ag. numero: 4401-6 horario de atendimento: 10:00 as 15:00 (dias uteis)"
112,"CANDIDES, MG",3221-2,"avenida sete de setembro num 794 - centro 3550011 - divinopolis, mg tel: (37) 4003-1043 ag. numero: 3221-2 horario de atendimento: 10:00 as 15:00 (dias uteis)"
113,"DIVINOPOLIS, MG",0113-9,"avenida primeiro de junho num 325 - centro 355003 - divinopolis, mg tel: (37) 4003-1043 ag. numero: 0113-9 horario de atendimento: 10:00 as 15:00 (dias uteis)"
114,"POLO DA MODA, MG",2986-6,"rua pernambuco num 1210 - centro 355008 - divinopolis, mg tel: (37) 4003-1043 ag. numero: 2986-6 horario de atendimento: 10:00 as 15:00 (dias uteis)"
115,"DORES DO INDAIA, MG",1063-4,"avenida francisco campos num 767 - centro 356100 - dores do indaia, mg tel: (37) 4003-1043 ag. numero: 1063-4 horario de atendimento: 10:00 as 15:00 (dias uteis)"
116,"ELOI MENDES, MG",0114-7,"rua cel. horacio alves pereira num 225 - centro 371100 - eloi mendes, mg tel: (35) 4003-1043 ag. numero: 0114-7 horario de atendimento: 10:00 as 15:00 (dias uteis)"
117,"ESMERALDAS, MG",2782-0,"rua senador melo viana num 158 - centro 3280098 - esmeraldas, mg tel: (31) 4003-1043 ag. numero: 2782-0 horario de atendimento: 10:00 as 15:00 (dias uteis)"
118,"ESPERA FELIZ, MG",3517-3,"praca dr. jose augusto num 59 - centro 368300 - espera feliz, mg tel: (32) 4003-1043 ag. numero: 3517-3 horario de atendimento: 10:00 as 15:00 (dias uteis)"
119,"ESPINOSA, MG",4784-8,"rua getulio vargas num 175 - jardim oriente 395100 - espinosa, mg tel: (38) 4003-1043 ag. numero: 4784-8 horario de atendimento: 10:00 as 15:00 (dias uteis)"
120,"EXTREMA, MG",2715-4,"rua coronel antonio cardoso pinto num 102 - centro 3764044 - extrema, mg tel: (35) 4003-1043 ag. numero: 2715-4 horario de atendimento: 10:00 as 15:00 (dias uteis)"
121,"FORMIGA, MG",0115-5,"rua bernardes de faria num 163 - centro 3557024 - formiga, mg tel: (37) 4003-1043 ag. numero: 0115-5 horario de atendimento: 10:00 as 15:00 (dias uteis)"
122,"FRANCISCO SA DE MINAS, MG",1726-4,"avenida jk num 456 - joao goncalves 395800 - francisco sa, mg tel: (38) 4003-1043 ag. numero: 1726-4 horario de atendimento: 10:00 as 15:00 (dias uteis)"
123,"FRONTEIRA, MG",4346-0,"avenida minas gerais num 90 - centro 382300 - fronteira, mg tel: (34) 4003-1043 ag. numero: 4346-0 horario de atendimento: 10:00 as 15:00 (dias uteis)"
124,"FRUTAL, MG",0934-2,"praca dr. alcides p. gomes num 77 - centro 382000 - frutal, mg tel: (34) 4003-1043 ag. numero: 0934-2 horario de atendimento: 10:00 as 15:00 (dias uteis)"
125,"BAIRRO SANTA RITA, MG",3234-4,"avenida wenceslau braz num 1468 - santa rita 35040570 - governador valadares, mg tel: (33) 4003-1043 ag. numero: 3234-4 horario de atendimento: 10:00 as 15:00 (dias uteis)"
126,"GOVERNADOR VALADARES, MG",0116-3,"praca serra lima num 637 - centro 35010250 - governador valadares, mg tel: (33) 4003-1043 ag. numero: 0116-3 horario de atendimento: 10:00 as 15:00 (dias uteis)"
127,"IBITURUNA, MG",1642-0,"rua israel pinheiro num 3295 - centro 35010131 - governador valadares, mg tel: (33) 4003-1043 ag. numero: 1642-0 horario de atendimento: 10:00 as 15:00 (dias uteis)"
128,"GUANHAES, MG",0707-2,"avenida milton campos num 2579 - centro 397400 - guanhaes, mg tel: (33) 4003-1043 ag. numero: 0707-2 horario de atendimento: 10:00 as 15:00 (dias uteis)"
129,"GUARANESIA, MG",3751-6,"rua prudente de morais num 313 - centro 378100 - guaranesia, mg tel: (35) 4003-1043 ag. numero: 3751-6 horario de atendimento: 10:00 as 15:00 (dias uteis)"
130,"GUAXUPE, MG",0117-1,"avenida doutor joao carlos num 55 - centro 3783032 - guaxupe, mg tel: (35) 4003-1043 ag. numero: 0117-1 horario de atendimento: 10:00 as 15:00 (dias uteis)"
131,"IBIA, MG",0708-0,"avenida jose cambraia num 46 - centro 389500 - ibia, mg tel: (34) 4003-1043 ag. numero: 0708-0 horario de atendimento: 10:00 as 15:00 (dias uteis)"
132,"IBIRITE, MG",1486-9,"rua helena antipoff num 505 - vila nova esperanca - 4a secao 32400403 - ibirite, mg tel: (31) 4003-1043 ag. numero: 1486-9 horario de atendimento: 10:00 as 15:00 (dias uteis)"
133,"IGARAPE, MG",3654-4,"avenida berenice magalhaes pinto num 239 - centro 329000 - igarape, mg tel: (31) 4003-1043 ag. numero: 3654-4 horario de atendimento: 10:00 as 15:00 (dias uteis)"
134,"INHAPIM, MG",1491-5,"rua alberto azevedo num 282 - centro 353300 - inhapim, mg tel: (33) 4003-1043 ag. numero: 1491-5 horario de atendimento: 10:00 as 15:00 (dias uteis)"
135,"CIDADE NOBRE, MG",3148-8,"avenida carlos chagas num 814 - cidade nobre 35162359 - ipatinga, mg tel: (31) 4003-1043 ag. numero: 3148-8 horario de atendimento: 10:00 as 15:00 (dias uteis)"
136,"HORTO DE IPATINGA, MG",0118-0,"rua jacaranda num 499 - horto 35160304 - ipatinga, mg tel: (31) 4003-1043 ag. numero: 0118-0 horario de atendimento: 10:00 as 15:00 (dias uteis)"
137,"IPATINGA, MG",2332-9,"rua diamantina num 175 - centro 3516019 - ipatinga, mg tel: (31) 4003-1043 ag. numero: 2332-9 horario de atendimento: 10:00 as 15:00 (dias uteis)"
138,"ITABIRA, MG",0119-8,"avenida daniel jardim de grisolia num 117 - centro 359001 - itabira, mg tel: (31) 4003-1043 ag. numero: 0119-8 horario de atendimento: 10:00 as 15:00 (dias uteis)"
139,"ITABIRITO, MG",0120-1,"avenida queiroz junior num 620 - centro 3545069 - itabirito, mg tel: (31) 4003-1043 ag. numero: 0120-1 horario de atendimento: 10:00 as 15:00 (dias uteis)"
140,"ITAJUBA, MG",0121-0,"rua antonio simao mauad num 89 - centro 37500180 - itajuba, mg tel: (35) 4003-1043 ag. numero: 0121-0 horario de atendimento: 10:00 as 15:00 (dias uteis)"
141,"ITAMARANDIBA, MG",3846-6,"rua travessa tiradentes num 49 - centro 396700 - itamarandiba, mg tel: (38) 4003-1043 ag. numero: 3846-6 horario de atendimento: 10:00 as 15:00 (dias uteis)"
142,"ITAMONTE, MG",3350-2,"rua presidente vargas num 116 - centro 374660 - itamonte, mg tel: (35) 4003-1043 ag. numero: 3350-2 horario de atendimento: 10:00 as 15:00 (dias uteis)"
143,"ITANHANDU, MG",0122-8,"rua dr. olavo gomes pinto num 119 - centro 374640 - itanhandu, mg tel: (35) 4003-1043 ag. numero: 0122-8 horario de atendimento: 10:00 as 15:00 (dias uteis)"
144,"ITAPAGIPE, MG",4279-0,"avenida sete num 487 - centro 382400 - itapagipe, mg tel: (34) 4003-1043 ag. numero: 4279-0 horario de atendimento: 10:00 as 15:00 (dias uteis)"
145,"ITAPECERICA, MG",0123-6,"praca alexandre szundy num 15 - centro 355500 - itapecerica, mg tel: (37) 4003-1043 ag. numero: 0123-6 horario de atendimento: 10:00 as 15:00 (dias uteis)"
146,"ITATIAIUCU, MG",4388-5,"rua levi nogueira num 175 - centro 356850 - itatiaiucu, mg tel: (31) 4003-1043 ag. numero: 4388-5 horario de atendimento: 10:00 as 15:00 (dias uteis)"
147,"ITAU DE MINAS, MG",2737-5,"rua joao kirchner num 553 - centro 379750 - itau de minas, mg tel: (35) 4003-1043 ag. numero: 2737-5 horario de atendimento: 10:00 as 15:00 (dias uteis)"
148,"ITAUNA, MG",0124-4,"praca doutor augusto goncalves num 506 - centro 3568054 - itauna, mg tel: (37) 4003-1043 ag. numero: 0124-4 horario de atendimento: 10:00 as 15:00 (dias uteis)"
149,"ITUIUTABA, MG",0125-2,"rua vinte e dois num 537 - centro 3830076 - ituiutaba, mg tel: (34) 4003-1043 ag. numero: 0125-2 horario de atendimento: 10:00 as 15:00 (dias uteis)"
150,"ITURAMA, MG",0936-9,"avenida rio grande num 1235 - centro 382800 - iturama, mg tel: (34) 4003-1043 ag. numero: 0936-9 horario de atendimento: 10:00 as 15:00 (dias uteis)"
151,"JACUTINGA, MG",1064-2,"rua americo prado num 814 - centro 375900 - jacutinga, mg tel: (35) 4003-1043 ag. numero: 1064-2 horario de atendimento: 10:00 as 15:00 (dias uteis)"
152,"JANAUBA, MG",0937-7,"avenida do comercio num 411 - centro 3944216 - janauba, mg tel: (38) 4003-1043 ag. numero: 0937-7 horario de atendimento: 10:00 as 15:00 (dias uteis)"
153,"JANUARIA, MG",0771-4,"praca tiradentes num 177 - centro 394800 - januaria, mg tel: (38) 4003-1043 ag. numero: 0771-4 horario de atendimento: 10:00 as 15:00 (dias uteis)"
154,"JEQUITINHONHA, MG",4536-5,"rua coronel ramiro num 309 - centro 399600 - jequitinhonha, mg tel: (33) 4003-1043 ag. numero: 4536-5 horario de atendimento: 10:00 as 15:00 (dias uteis)"
155,"JOAO MONLEVADE, MG",0607-6,"avenida getulio vargas num 5375 - carneirinhos 359303 - joao monlevade, mg tel: (31) 4003-1043 ag. numero: 0607-6 horario de atendimento: 10:00 as 15:00 (dias uteis)"
156,"JOAO PINHEIRO, MG",1818-0,"praca coronel hermogenes num 301 - centro 387700 - joao pinheiro, mg tel: (38) 4003-1043 ag. numero: 1818-0 horario de atendimento: 10:00 as 15:00 (dias uteis)"
157,"JUATUBA, MG",3550-5,"avenida tanus saliba num 32 - centro 356750 - juatuba, mg tel: (31) 4003-1043 ag. numero: 3550-5 horario de atendimento: 10:00 as 15:00 (dias uteis)"
158,"HALFELD, MG",2519-4,"avenida getulio vargas num 362 - centro 36010110 - juiz de fora, mg tel: (32) 4003-1043 ag. numero: 2519-4 horario de atendimento: 10:00 as 15:00 (dias uteis)"
159,"JUIZ DE FORA, MG",3065-1,"rua santa rita num 327 - centro 3601071 - juiz de fora, mg tel: (32) 4003-1043 ag. numero: 3065-1 horario de atendimento: 10:00 as 15:00 (dias uteis)"
160,"MANCHESTER, MG",0126-0,"avenida barao do rio branco num 2340 - centro 36016310 - juiz de fora, mg tel: (32) 4003-1043 ag. numero: 0126-0 horario de atendimento: 10:00 as 15:00 (dias uteis)"
161,"MANOEL HONORIO, MG",1536-9,"rua eugenio fontainha num 25 - manoel honorio 360510 - juiz de fora, mg tel: (32) 4003-1043 ag. numero: 1536-9 horario de atendimento: 10:00 as 15:00 (dias uteis)"
162,"MARIANO PROCOPIO, MG",2419-8,"avenida dos andradas num 525 - centro 360360 - juiz de fora, mg tel: (32) 4003-1043 ag. numero: 2419-8 horario de atendimento: 10:00 as 15:00 (dias uteis)"
163,"OSCAR VIDAL, MG",3029-5,"rua oscar vidal num 121/123 - centro 3601060 - juiz de fora, mg tel: (32) 4003-1043 ag. numero: 3029-5 horario de atendimento: 10:00 as 15:00 (dias uteis)"
164,"PADRE CAFE, MG",1641-1,"rua padre cafe num 449 - sao mateus 36016450 - juiz de fora, mg tel: (32) 4003-1043 ag. numero: 1641-1 horario de atendimento: 10:00 as 15:00 (dias uteis)"
165,"PARAIBUNA, MG",3398-7,"rua marilia num 297 - benfica 36090330 - juiz de fora, mg tel: (32) 4003-1043 ag. numero: 3398-7 horario de atendimento: 10:00 as 15:00 (dias uteis)"
166,"LAGOA DA PRATA, MG",1382-0,"avenida benedito valadares num 922 - centro 355900 - lagoa da prata, mg tel: (37) 4003-1043 ag. numero: 1382-0 horario de atendimento: 10:00 as 15:00 (dias uteis)"
167,"LAGOA SANTA, MG",1460-5,"rua marechal deodoro da fonseca num 27 - centro 3323040 - lagoa santa, mg tel: (31) 4003-1043 ag. numero: 1460-5 horario de atendimento: 10:00 as 15:00 (dias uteis)"
168,"LAMBARI, MG",0128-7,"rua dr. wadih bacha num 150 - centro 374800 - lambari, mg tel: (35) 4003-1043 ag. numero: 0128-7 horario de atendimento: 10:00 as 15:00 (dias uteis)"
169,"LAVRAS, MG",0129-5,"praca doutor augusto silva num 80 - centro 37200154 - lavras, mg tel: (35) 4003-1043 ag. numero: 0129-5 horario de atendimento: 10:00 as 15:00 (dias uteis)"
170,"LEOPOLDINA, MG",0608-4,"praca general osorio num 15 - centro 3670076 - leopoldina, mg tel: (32) 4003-1043 ag. numero: 0608-4 horario de atendimento: 10:00 as 15:00 (dias uteis)"
171,"LIMA DUARTE, MG",3798-2,"rua tancredo alves num s/n - centro 361400 - lima duarte, mg tel: (32) 4003-1043 ag. numero: 3798-2 horario de atendimento: 10:00 as 15:00 (dias uteis)"
172,"LUZ, MG",1747-7,"rua cel. jose tomaz num 530 - centro 355950 - luz, mg tel: (37) 4003-1043 ag. numero: 1747-7 horario de atendimento: 10:00 as 15:00 (dias uteis)"
173,"MACHADO, MG",0691-2,"praca antonio carlos num 228 - centro 377500 - machado, mg tel: (35) 4003-1043 ag. numero: 0691-2 horario de atendimento: 10:00 as 15:00 (dias uteis)"
174,"MANHUACU, MG",0131-7,"praca cordovil pinto coelho num 484 - centro 36900103 - manhuacu, mg tel: (33) 4003-1043 ag. numero: 0131-7 horario de atendimento: 10:00 as 15:00 (dias uteis)"
175,"MANHUMIRIM, MG",0895-8,"avenida raul soares num 279 - centro 369700 - manhumirim, mg tel: (33) 4003-1043 ag. numero: 0895-8 horario de atendimento: 10:00 as 15:00 (dias uteis)"
176,"MANTENA, MG",0896-6,"avenida getulio vargas num 210 - centro 352900 - mantena, mg tel: (33) 4003-1043 ag. numero: 0896-6 horario de atendimento: 10:00 as 15:00 (dias uteis)"
177,"MARIA DA FE, MG",1687-0,"avenida luiz correa cardoso num 81 - centro 375170 - maria da fe, mg tel: (35) 4003-1043 ag. numero: 1687-0 horario de atendimento: 10:00 as 15:00 (dias uteis)"
178,"MARIANA, MG",1701-9,"avenida salvador furtado num 13 - centro 3542045 - mariana, mg tel: (31) 4003-1043 ag. numero: 1701-9 horario de atendimento: 10:00 as 15:00 (dias uteis)"
179,"MARTINHO CAMPOS, MG",3816-4,"rua padre marinho num 823 - centro 356060 - martinho campos, mg tel: (37) 4003-1043 ag. numero: 3816-4 horario de atendimento: 10:00 as 15:00 (dias uteis)"
180,"MATEUS LEME, MG",1698-5,"avenida getulio vargas num 367 - centro 356700 - mateus leme, mg tel: (31) 4003-1043 ag. numero: 1698-5 horario de atendimento: 10:00 as 15:00 (dias uteis)"
181,"MATIAS BARBOSA, MG",4383-4,"avenida cardoso saraiva num 366 - centro 361200 - matias barbosa, mg tel: (32) 4003-1043 ag. numero: 4383-4 horario de atendimento: 10:00 as 15:00 (dias uteis)"
182,"MATIPO, MG",4391-5,"rua joao moreira num 37 - centro 353670 - matipo, mg tel: (31) 4003-1043 ag. numero: 4391-5 horario de atendimento: 10:00 as 15:00 (dias uteis)"
183,"MATOZINHOS, MG",1436-2,"praca bom jesus num 66 - centro 357200 - matozinhos, mg tel: (31) 4003-1043 ag. numero: 1436-2 horario de atendimento: 10:00 as 15:00 (dias uteis)"
184,"MEDINA, MG",1740-0,"rua francisco neiva num 26 - centro 396200 - medina, mg tel: (33) 4003-1043 ag. numero: 1740-0 horario de atendimento: 10:00 as 15:00 (dias uteis)"
185,"MONSENHOR PAULO, MG",3583-1,"rua italo totti num 154 - centro 374050 - monsenhor paulo, mg tel: (35) 4003-1043 ag. numero: 3583-1 horario de atendimento: 10:00 as 15:00 (dias uteis)"
186,"MONTE ALEGRE DE MINAS, MG",1121-5,"avenida dezesseis de setembro num 352 - centro 384750 - monte alegre de minas, mg tel: (34) 4003-1043 ag. numero: 1121-5 horario de atendimento: 10:00 as 15:00 (dias uteis)"
187,"MONTE CARMELO, MG",0709-9,"rua castro alves num 40 - centro 385000 - monte carmelo, mg tel: (34) 4003-1043 ag. numero: 0709-9 horario de atendimento: 10:00 as 15:00 (dias uteis)"
188,"MONTE SANTO DE MINAS, MG",0938-5,"avenida cel antonio paulino da costa num 157 - centro 379680 - monte santo de minas, mg tel: (35) 4003-1043 ag. numero: 0938-5 horario de atendimento: 10:00 as 15:00 (dias uteis)"
189,"MONTE SIAO, MG",1688-8,"rua getulio vargas num 83 - centro 375800 - monte siao, mg tel: (35) 4003-1043 ag. numero: 1688-8 horario de atendimento: 10:00 as 15:00 (dias uteis)"
190,"MONTES CLAROS, MG",0132-5,"rua doutor santos num 103 - centro 394001 - montes claros, mg tel: (38) 4003-1043 ag. numero: 0132-5 horario de atendimento: 10:00 as 15:00 (dias uteis)"
191,"SHOPPING MONTES CLAROS, MG",3115-1,"avenida donato quintino num 90 - cidade nova 39400546 - montes claros, mg tel: (38) 4003-1043 ag. numero: 3115-1 horario de atendimento: 10:00 as 15:00 (dias uteis)"
192,"VEREDAS, MG",3044-9,"avenida deputado esteves rodrigues num 802 - centro 39400215 - montes claros, mg tel: (38) 4003-1043 ag. numero: 3044-9 horario de atendimento: 10:00 as 15:00 (dias uteis)"
193,"MURIAE, MG",0133-3,"rua barao do monte alto num 30 - centro 3688018 - muriae, mg tel: (32) 4003-1043 ag. numero: 0133-3 horario de atendimento: 10:00 as 15:00 (dias uteis)"
194,"MUZAMBINHO, MG",1093-6,"avenida dr. americo luz num 382 - centro 378900 - muzambinho, mg tel: (35) 4003-1043 ag. numero: 1093-6 horario de atendimento: 10:00 as 15:00 (dias uteis)"
195,"NANUQUE, MG",0939-3,"avenida geraldo romano num 18 - centro 398600 - nanuque, mg tel: (33) 4003-1043 ag. numero: 0939-3 horario de atendimento: 10:00 as 15:00 (dias uteis)"
196,"NEPOMUCENO, MG",3526-2,"rua carolina soares num 10 - centro 372500 - nepomuceno, mg tel: (35) 4003-1043 ag. numero: 3526-2 horario de atendimento: 10:00 as 15:00 (dias uteis)"
197,"NOVA ERA, MG",1461-3,"rua governador valadares num 575 - centro 359200 - nova era, mg tel: (31) 4003-1043 ag. numero: 1461-3 horario de atendimento: 10:00 as 15:00 (dias uteis)"
198,"JARDIM CANADA, MG",4385-0,"rua kremilin num 98 - jardim canada 34007672 - nova lima, mg tel: (31) 4003-1043 ag. numero: 4385-0 horario de atendimento: 10:00 as 15:00 (dias uteis)"
199,"NOVA LIMA, MG",0134-1,"praca do mineiro jose gomes pimenta num 14 - centro 3400087 - nova lima, mg tel: (31) 4003-1043 ag. numero: 0134-1 horario de atendimento: 10:00 as 15:00 (dias uteis)"
200,"NOVA PONTE, MG",4345-1,"rua ordalia carneiro num 234 - centro 381600 - nova ponte, mg tel: (34) 4003-1043 ag. numero: 4345-1 horario de atendimento: 10:00 as 15:00 (dias uteis)"
201,"NOVA SERRANA, MG",2257-8,"avenida dom cabral num 115 - jardim do lago 355228 - nova serrana, mg tel: (37) 4003-1043 ag. numero: 2257-8 horario de atendimento: 10:00 as 15:00 (dias uteis)"
202,"OLIVEIRA, MG",0135-0,"praca xv de novembro num 58 - centro 355400 - oliveira, mg tel: (37) 4003-1043 ag. numero: 0135-0 horario de atendimento: 10:00 as 15:00 (dias uteis)"
203,"OURO BRANCO, MG",1065-0,"rua santo antonio num 798 - centro 364908 - ouro branco, mg tel: (31) 4003-1043 ag. numero: 1065-0 horario de atendimento: 10:00 as 15:00 (dias uteis)"
204,"OURO FINO, MG",0700-5,"rua treze de maio num 737 - centro 375700 - ouro fino, mg tel: (35) 4003-1043 ag. numero: 0700-5 horario de atendimento: 10:00 as 15:00 (dias uteis)"
205,"OURO PRETO, MG",0136-8,"rua sao jose num 128 - centro 354000 - ouro preto, mg tel: (31) 4003-1043 ag. numero: 0136-8 horario de atendimento: 10:00 as 15:00 (dias uteis)"
206,"PAPAGAIOS, MG",0660-2,"praca padre waldemar num 140 - centro 356690 - papagaios, mg tel: (37) 4003-1043 ag. numero: 0660-2 horario de atendimento: 10:00 as 15:00 (dias uteis)"
207,"PARA DE MINAS, MG",0137-6,"rua benedito valadares num 30 - centro 35660630 - para de minas, mg tel: (37) 4003-1043 ag. numero: 0137-6 horario de atendimento: 10:00 as 15:00 (dias uteis)"
208,"PARACATU, MG",0138-4,"praca firmina santana num 291 - centro 38600196 - paracatu, mg tel: (38) 4003-1043 ag. numero: 0138-4 horario de atendimento: 10:00 as 15:00 (dias uteis)"
209,"PARAGUACU, MG",0139-2,"praca oswaldo costa num 109 - centro 371200 - paraguacu, mg tel: (35) 4003-1043 ag. numero: 0139-2 horario de atendimento: 10:00 as 15:00 (dias uteis)"
210,"PARAISOPOLIS, MG",1699-3,"rua bueno de paiva num 408 - centro 376600 - paraisopolis, mg tel: (35) 4003-1043 ag. numero: 1699-3 horario de atendimento: 10:00 as 15:00 (dias uteis)"
211,"PASSA QUATRO, MG",0140-6,"avenida cel ribeiro pereira num 468 - centro 374600 - passa quatro, mg tel: (35) 4003-1043 ag. numero: 0140-6 horario de atendimento: 10:00 as 15:00 (dias uteis)"
212,"PASSOS, MG",0141-4,"avenida arouca num 600 - centro 37900152 - passos, mg tel: (35) 4003-1043 ag. numero: 0141-4 horario de atendimento: 10:00 as 15:00 (dias uteis)"
213,"CAPITAL DO MILHO, MG",3540-8,"rua jose dos reis num 55 - centro 38700180 - patos de minas, mg tel: (34) 4003-1043 ag. numero: 3540-8 horario de atendimento: 10:00 as 15:00 (dias uteis)"
214,"PATOS DE MINAS, MG",0142-2,"rua olegario maciel num 92 - centro 38700122 - patos de minas, mg tel: (34) 4003-1043 ag. numero: 0142-2 horario de atendimento: 10:00 as 15:00 (dias uteis)"
215,"PATROCINIO, MG",0143-0,"avenida rui barbosa num 305 - centro 3874036 - patrocinio, mg tel: (34) 4003-1043 ag. numero: 0143-0 horario de atendimento: 10:00 as 15:00 (dias uteis)"
216,"PEDRO LEOPOLDO, MG",0144-9,"rua comendador antonio alves num 850 - centro 3325033 - pedro leopoldo, mg tel: (31) 4003-1043 ag. numero: 0144-9 horario de atendimento: 10:00 as 15:00 (dias uteis)"
217,"PERDOES, MG",1443-5,"rua governador valadares num 309 - centro 372600 - perdoes, mg tel: (35) 4003-1043 ag. numero: 1443-5 horario de atendimento: 10:00 as 15:00 (dias uteis)"
218,"PIRAPETINGA, MG",1487-7,"praca major manoel da costa num 40 - centro 367300 - pirapetinga, mg tel: (32) 4003-1043 ag. numero: 1487-7 horario de atendimento: 10:00 as 15:00 (dias uteis)"
219,"PIRAPORA, MG",0609-2,"rua francisco mota num 180 - santos dumont 39274150 - pirapora, mg tel: (38) 4003-1043 ag. numero: 0609-2 horario de atendimento: 10:00 as 15:00 (dias uteis)"
220,"PITANGUI, MG",1700-0,"rua do pilar num 118 - centro 356500 - pitangui, mg tel: (37) 4003-1043 ag. numero: 1700-0 horario de atendimento: 10:00 as 15:00 (dias uteis)"
221,"PIUMHI, MG",1425-7,"rua padre abel num 414 - centro 379250 - piumhi, mg tel: (37) 4003-1043 ag. numero: 1425-7 horario de atendimento: 10:00 as 15:00 (dias uteis)"
222,"POCOS DE CALDAS, MG",0145-7,"rua sao paulo num 100 - centro 3770112 - pocos de caldas, mg tel: (35) 4003-1043 ag. numero: 0145-7 horario de atendimento: 10:00 as 15:00 (dias uteis)"
223,"SUL DAS GERAES, MG",3043-0,"rua alagoas num 55 - centro 3770134 - pocos de caldas, mg tel: (35) 4003-1043 ag. numero: 3043-0 horario de atendimento: 10:00 as 15:00 (dias uteis)"
224,"POMPEU, MG",1426-5,"praca levi campos num 144 - centro 356400 - pompeu, mg tel: (37) 4003-1043 ag. numero: 1426-5 horario de atendimento: 10:00 as 15:00 (dias uteis)"
225,"PONTE NOVA, MG",0146-5,"rua benedito valadares num 195 - centro 3543012 - ponte nova, mg tel: (31) 4003-1043 ag. numero: 0146-5 horario de atendimento: 10:00 as 15:00 (dias uteis)"
226,"BAIRRO FOCH, MG",4537-3,"avenida prefeito olavo gomes de oliveira num 2345 - sao carlos 375570 - pouso alegre, mg tel: (35) 4003-1043 ag. numero: 4537-3 horario de atendimento: 10:00 as 15:00 (dias uteis)"
227,"POUSO ALEGRE, MG",0147-3,"praca senador eduardo amaral num 64 - centro 37550157 - pouso alegre, mg tel: (35) 4003-1043 ag. numero: 0147-3 horario de atendimento: 10:00 as 15:00 (dias uteis)"
228,"PRATA, MG",1235-1,"praca xv de novembro num 167 - centro 381400 - prata, mg tel: (34) 4003-1043 ag. numero: 1235-1 horario de atendimento: 10:00 as 15:00 (dias uteis)"
229,"PRATAPOLIS, MG",1748-5,"rua arthur bernardes num 527 - centro 379700 - pratapolis, mg tel: (35) 4003-1043 ag. numero: 1748-5 horario de atendimento: 10:00 as 15:00 (dias uteis)"
230,"RAUL SOARES, MG",0710-2,"rua prefeito wilson damiao num 120 - centro 353500 - raul soares, mg tel: (33) 4003-1043 ag. numero: 0710-2 horario de atendimento: 10:00 as 15:00 (dias uteis)"
231,"JUSTINOPOLIS, MG",4980-8,"avenida denise cristina rocha num 857 - guadalajara (justinopolis) 339001 - ribeirao das neves, mg tel: (31) 4003-1043 ag. numero: 4980-8 horario de atendimento: 10:00 as 15:00 (dias uteis)"
232,"RIBEIRAO DAS NEVES, MG",3615-3,"rua ari teixeira da costa num 590 - centro 3380520 - ribeirao das neves, mg tel: (31) 4003-1043 ag. numero: 3615-3 horario de atendimento: 10:00 as 15:00 (dias uteis)"
233,"RIO CASCA, MG",1474-5,"rua dr. joao pinheiro num 281 - das gracas 353700 - rio casca, mg tel: (31) 4003-1043 ag. numero: 1474-5 horario de atendimento: 10:00 as 15:00 (dias uteis)"
234,"RIO PARANAIBA, MG",4382-6,"rua capital franklin de castro num 925 - centro 388100 - rio paranaiba, mg tel: (34) 4003-1043 ag. numero: 4382-6 horario de atendimento: 10:00 as 15:00 (dias uteis)"
235,"RIO POMBA, MG",1123-1,"avenida raul soares num 32 - centro 361800 - rio pomba, mg tel: (32) 4003-1043 ag. numero: 1123-1 horario de atendimento: 10:00 as 15:00 (dias uteis)"
236,"SABARA, MG",1742-6,"rua borba gato num 45 - centro 34505830 - sabara, mg tel: (31) 4003-1043 ag. numero: 1742-6 horario de atendimento: 10:00 as 15:00 (dias uteis)"
237,"SACRAMENTO, MG",0940-7,"avenida benedito valadares num 104 - centro 381900 - sacramento, mg tel: (34) 4003-1043 ag. numero: 0940-7 horario de atendimento: 10:00 as 15:00 (dias uteis)"
238,"SALINAS, MG",1830-9,"rua raul soares num 80 - centro 395600 - salinas, mg tel: (38) 4003-1043 ag. numero: 1830-9 horario de atendimento: 10:00 as 15:00 (dias uteis)"
239,"SALTO DA DIVISA, MG",1745-0,"rua direita num 68 - centro 399250 - salto da divisa, mg tel: (33) 4003-1043 ag. numero: 1745-0 horario de atendimento: 10:00 as 15:00 (dias uteis)"
240,"SANTA BARBARA, MG",1475-3,"rua joao mota num 336 - centro 359600 - santa barbara, mg tel: (31) 4003-1043 ag. numero: 1475-3 horario de atendimento: 10:00 as 15:00 (dias uteis)"
241,"BARONESA, MG",3663-3,"avenida brasilia num 1660 - sao benedito 33105516 - santa luzia, mg tel: (31) 4003-1043 ag. numero: 3663-3 horario de atendimento: 10:00 as 15:00 (dias uteis)"
242,"SANTA LUZIA, MG",1066-9,"rua do carmo num 460 - centro 33010200 - santa luzia, mg tel: (31) 4003-1043 ag. numero: 1066-9 horario de atendimento: 10:00 as 15:00 (dias uteis)"
243,"SANTA RITA DO SAPUCAI, MG",0941-5,"praca santa rita num 210 - centro 375400 - santa rita do sapucai, mg tel: (35) 4003-1043 ag. numero: 0941-5 horario de atendimento: 10:00 as 15:00 (dias uteis)"
244,"SANTA VITORIA, MG",1124-0,"avenida reinaldo f. moraes num 1151 - centro 383200 - santa vitoria, mg tel: (34) 4003-1043 ag. numero: 1124-0 horario de atendimento: 10:00 as 15:00 (dias uteis)"
245,"SANTANA DO JACARE, MG",0148-1,"praca joao alves duca num 186 - centro 372780 - santana do jacare, mg tel: (35) 4003-1043 ag. numero: 0148-1 horario de atendimento: 10:00 as 15:00 (dias uteis)"
246,"SANTO ANTONIO DO MONTE, MG",2743-0,"praca monsenhor otaviano num 42 - centro 355600 - santo antonio do monte, mg tel: (37) 4003-1043 ag. numero: 2743-0 horario de atendimento: 10:00 as 15:00 (dias uteis)"
247,"SANTOS DUMONT, MG",0149-0,"avenida presidente getulio vargas num 209 - centro 3624075 - santos dumont, mg tel: (32) 4003-1043 ag. numero: 0149-0 horario de atendimento: 10:00 as 15:00 (dias uteis)"
248,"SAO FRANCISCO DAS PEDRAS, MG",3376-6,"avenida oscar caetano num 1279 - centro 393000 - sao francisco, mg tel: (38) 4003-1043 ag. numero: 3376-6 horario de atendimento: 10:00 as 15:00 (dias uteis)"
249,"SAO GONCALO DO RIO ABAIXO, MG",3377-4,"avenida central num 389 - centro 359350 - sao goncalo do rio abaixo, mg tel: (31) 4003-1043 ag. numero: 3377-4 horario de atendimento: 10:00 as 15:00 (dias uteis)"
250,"SAO GONCALO DO SAPUCAI, MG",0150-3,"rua dr. fernando lemos num 11 - centro 374900 - sao goncalo do sapucai, mg tel: (35) 4003-1043 ag. numero: 0150-3 horario de atendimento: 10:00 as 15:00 (dias uteis)"
251,"SAO GOTARDO, MG",1820-1,"rua joao alves franco num 30 - centro 388000 - sao gotardo, mg ag. numero: 1820-1 horario de atendimento: 10:00 as 15:00 (dias uteis)"
252,"SAO JOAO DEL REI, MG",0151-1,"rua quintino bocaiuva num 126 - centro 36307302 - sao joao del rei, mg tel: (32) 4003-1043 ag. numero: 0151-1 horario de atendimento: 10:00 as 15:00 (dias uteis)"
253,"SAO JOAO NEPOMUCENO, MG",1067-7,"rua duque de caxias num 150 - centro 366800 - sao joao nepomuceno, mg tel: (32) 4003-1043 ag. numero: 1067-7 horario de atendimento: 10:00 as 15:00 (dias uteis)"
254,"SAO JOSE DA LAPA, MG",4384-2,"rua irmao galdino num 145 - padre gaspar 333500 - sao jose da lapa, mg tel: (31) 4003-1043 ag. numero: 4384-2 horario de atendimento: 10:00 as 15:00 (dias uteis)"
255,"SAO LOURENCO, MG",0152-0,"avenida pedro ii num 244 - centro 374700 - sao lourenco, mg tel: (35) 4003-1043 ag. numero: 0152-0 horario de atendimento: 10:00 as 15:00 (dias uteis)"
256,"SAO SEBASTIAO DO PARAISO, MG",0153-8,"praca comendador jose honorio num 99 - centro 379500 - sao sebastiao do paraiso, mg tel: (35) 4003-1043 ag. numero: 0153-8 horario de atendimento: 10:00 as 15:00 (dias uteis)"
257,"SARZEDO, MG",4344-3,"rua eduardo cozac num 59 - centro 324500 - sarzedo, mg tel: (31) 4003-1043 ag. numero: 4344-3 horario de atendimento: 10:00 as 15:00 (dias uteis)"
258,"CANAAN, MG",2475-9,"avenida raquel teixeira viana num 1085 - canaan 35700293 - sete lagoas, mg tel: (31) 4003-1043 ag. numero: 2475-9 horario de atendimento: 10:00 as 15:00 (dias uteis)"
259,"SERRA DE SANTA HELENA, MG",2031-1,"rua santa helena num 103 - canaa 35700285 - sete lagoas, mg tel: (31) 4003-1043 ag. numero: 2031-1 horario de atendimento: 10:00 as 15:00 (dias uteis)"
260,"SETE LAGOAS, MG",0154-6,"avenida mucio jose reis num 70 - centro 35700640 - sete lagoas, mg tel: (31) 4003-1043 ag. numero: 0154-6 horario de atendimento: 10:00 as 15:00 (dias uteis)"
261,"TAIOBEIRAS, MG",3411-8,"avenida amazonas num 475 - centro 395500 - taiobeiras, mg tel: (38) 4003-1043 ag. numero: 3411-8 horario de atendimento: 10:00 as 15:00 (dias uteis)"
262,"TEOFILO OTONI, MG",0155-4,"rua engenheiro antunes num 222 - centro 3980019 - teofilo otoni, mg tel: (33) 4003-1043 ag. numero: 0155-4 horario de atendimento: 10:00 as 15:00 (dias uteis)"
263,"VALE DO MUCURI, MG",3662-5,"avenida getulio vargas num 1126 - centro 3980015 - teofilo otoni, mg tel: (33) 4003-1043 ag. numero: 3662-5 horario de atendimento: 10:00 as 15:00 (dias uteis)"
264,"ACESITA, MG",2296-9,"rua trinta e um de marco num 152 - centro 3518028 - timoteo, mg tel: (31) 4003-1043 ag. numero: 2296-9 horario de atendimento: 10:00 as 15:00 (dias uteis)"
265,"TIMOTEO, MG",1462-1,"avenida castelo branco num 13 - sao jose 3518254 - timoteo, mg tel: (31) 4003-1043 ag. numero: 1462-1 horario de atendimento: 10:00 as 15:00 (dias uteis)"
266,"TOCANTINENSE, MG",3650-1,"rua padre goulart num 30/40 - centro 365120 - tocantins, mg tel: (32) 4003-1043 ag. numero: 3650-1 horario de atendimento: 10:00 as 15:00 (dias uteis)"
267,"TRES CORACOES, MG",0156-2,"avenida presidente getulio vargas num 329 - centro 37410137 - tres coracoes, mg tel: (35) 4003-1043 ag. numero: 0156-2 horario de atendimento: 10:00 as 15:00 (dias uteis)"
268,"TRES MARIAS, MG",3813-0,"rua antonio carlos pedroso num 46 - parque diadorim 392050 - tres marias, mg tel: (38) 4003-1043 ag. numero: 3813-0 horario de atendimento: 10:00 as 15:00 (dias uteis)"
269,"TRES PONTAS, MG",0157-0,"praca conego victor num 203 - centro 371851 - tres pontas, mg tel: (35) 4003-1043 ag. numero: 0157-0 horario de atendimento: 10:00 as 15:00 (dias uteis)"
270,"TUPACIGUARA, MG",0158-9,"rua bueno brandao num 41 - centro 384800 - tupaciguara, mg tel: (34) 4003-1043 ag. numero: 0158-9 horario de atendimento: 10:00 as 15:00 (dias uteis)"
271,"UBA, MG",0159-7,"praca da independencia num 500 - centro 3650095 - uba, mg tel: (32) 4003-1043 ag. numero: 0159-7 horario de atendimento: 10:00 as 15:00 (dias uteis)"
272,"ABADIA, MG",3653-6,"rua prudente de morais num 160 - abadia 38026250 - uberaba, mg tel: (34) 4003-1043 ag. numero: 3653-6 horario de atendimento: 10:00 as 15:00 (dias uteis)"
273,"FIDELIS REIS, MG",1534-2,"avenida doutor fidelis reis num 221 - fabricio 3801030 - uberaba, mg tel: (34) 4003-1043 ag. numero: 1534-2 horario de atendimento: 10:00 as 15:00 (dias uteis)"
274,"SAO BENEDITO, MG",1538-5,"praca frei eugenio num 12 - sao benedito 38010280 - uberaba, mg tel: (34) 4003-1043 ag. numero: 1538-5 horario de atendimento: 10:00 as 15:00 (dias uteis)"
275,"UBERABA, MG",0160-0,"avenida leopoldino de oliveira num 4230 - fabricio 38065165 - uberaba, mg tel: (34) 4003-1043 ag. numero: 0160-0 horario de atendimento: 10:00 as 15:00 (dias uteis)"
276,"LUIZOTE, MG",3274-3,"avenida jose fonseca e silva num 777 - jardim patricia 3841497 - uberlandia, mg tel: (34) 4003-1043 ag. numero: 3274-3 horario de atendimento: 10:00 as 15:00 (dias uteis)"
277,"MARTINS, MG",1537-7,"avenida fernando vilela num 1510 - martins 38400458 - uberlandia, mg tel: (34) 4003-1043 ag. numero: 1537-7 horario de atendimento: 10:00 as 15:00 (dias uteis)"
278,"RONDON PACHECO, MG",3152-6,"avenida governador rondon pacheco num 4671 - conjunto bandeirantes 38400766 - uberlandia, mg tel: (34) 4003-1043 ag. numero: 3152-6 horario de atendimento: 10:00 as 15:00 (dias uteis)"
279,"SERGIO PACHECO, MG",2494-5,"avenida vasconcelos costa num 97 - martins 38400448 - uberlandia, mg tel: (34) 4003-1043 ag. numero: 2494-5 horario de atendimento: 10:00 as 15:00 (dias uteis)"
280,"TRIANGULO, MG",1910-0,"avenida floriano peixoto num 2128 - brasil 38400702 - uberlandia, mg tel: (34) 4003-1043 ag. numero: 1910-0 horario de atendimento: 10:00 as 15:00 (dias uteis)"
281,"TUBAL VILELA, MG",0162-7,"praca tubal vilela num 207 - centro 38400186 - uberlandia, mg tel: (34) 4003-1043 ag. numero: 0162-7 horario de atendimento: 10:00 as 15:00 (dias uteis)"
282,"UBERLANDIA, MG",0161-9,"praca oswaldo cruz num 390 - centro 38400122 - uberlandia, mg tel: (34) 4003-1043 ag. numero: 0161-9 horario de atendimento: 10:00 as 15:00 (dias uteis)"
283,"VIRGILIO GALASSI, MG",3961-6,"avenida anselmo alves dos santos num 600 - santa monica 3840897 - uberlandia, mg tel: (34) 4003-1043 ag. numero: 3961-6 horario de atendimento: 10:00 as 15:00 (dias uteis)"
284,"UNAI, MG",0942-3,"rua professor olimpio gonzaga num 288 - centro 386104 - unai, mg tel: (38) 4003-1043 ag. numero: 0942-3 horario de atendimento: 10:00 as 15:00 (dias uteis)"
285,"PRINCESA, MG",1724-8,"avenida princesa do sul num 805 - jardim andere 3702680 - varginha, mg tel: (35) 4003-1043 ag. numero: 1724-8 horario de atendimento: 10:00 as 15:00 (dias uteis)"
286,"VARGINHA, MG",0163-5,"praca getulio vargas num 55 - centro 3700235 - varginha, mg tel: (35) 4003-1043 ag. numero: 0163-5 horario de atendimento: 10:00 as 15:00 (dias uteis)"
287,"VARZEA DA PALMA, MG",2889-4,"praca frei jorge num 752 - centro 392600 - varzea da palma, mg tel: (38) 4003-1043 ag. numero: 2889-4 horario de atendimento: 10:00 as 15:00 (dias uteis)"
288,"VAZANTE, MG",3697-8,"rua joaquim martins num 137 - centro 387800 - vazante, mg tel: (34) 4003-1043 ag. numero: 3697-8 horario de atendimento: 10:00 as 15:00 (dias uteis)"
289,"VESPASIANO, MG",1926-7,"rua prefeito sebastiao fernandes num 412 - centro 332000 - vespasiano, mg tel: (31) 4003-1043 ag. numero: 1926-7 horario de atendimento: 10:00 as 15:00 (dias uteis)"
290,"VICOSA, MG",0164-3,"praca silviano brandao. num 100 - centro 3657035 - vicosa, mg tel: (31) 4003-1043 ag. numero: 0164-3 horario de atendimento: 10:00 as 15:00 (dias uteis)"
291,"VIRGINIA, MG",0165-1,"praca monte raso num 114 - centro 374650 - virginia, mg tel: (35) 4003-1043 ag. numero: 0165-1 horario de atendimento: 10:00 as 15:00 (dias uteis)"
292,"VISCONDE DO RIO BRANCO, MG",0166-0,"praca 28 de setembro num 236 - centro 365200 - visconde do rio branco, mg tel: (32) 4003-1043 ag. numero: 0166-0 horario de atendimento: 10:00 as 15:00 (dias uteis)"
