,Nome,CGC,Endereco
0,"ANGRA DOS REIS, RJ",0887-7,"rua coronel carvalho num 124 - centro 23900315 - angra dos reis, rj tel: (24) 4003-1043 ag. numero: 0887-7 horario de atendimento: 10:00 as 15:00 (dias uteis)"
1,"ARARUAMA, RJ",0888-5,"rua rosa raposo num 141 - centro 28979111 - araruama, rj tel: (22) 4003-1043 ag. numero: 0888-5 horario de atendimento: 10:00 as 15:00 (dias uteis)"
2,"ARMACAO DOS BUZIOS, RJ",3825-3,"avenida jose ribeiro dantas num s/n - manguinhos 289500 - armacao dos buzios, rj tel: (22) 4003-1043 ag. numero: 3825-3 horario de atendimento: 10:00 as 15:00 (dias uteis)"
3,"BARRA DO PIRAI, RJ",0177-5,"rua governador portela num 171 - centro 271230 - barra do pirai, rj tel: (24) 4003-1043 ag. numero: 0177-5 horario de atendimento: 10:00 as 15:00 (dias uteis)"
4,"03 DE OUTUBRO, RJ",3147-0,"rua josias cirilo maciel num 105 - vila nova 27321200 - barra mansa, rj tel: (24) 4003-1043 ag. numero: 3147-0 horario de atendimento: 10:00 as 15:00 (dias uteis)"
5,"BARRA MANSA, RJ",0176-7,"rua andrade figueira num 45 - centro 27330110 - barra mansa, rj tel: (24) 4003-1043 ag. numero: 0176-7 horario de atendimento: 10:00 as 15:00 (dias uteis)"
6,"BELFORD ROXO, RJ",4095-9,"avenida benjamim pinto dias num 1221 - centro 261300 - belford roxo, rj tel: (21) 4003-1043 ag. numero: 4095-9 horario de atendimento: 10:00 as 16:00 (dias uteis)"
7,"ESTRADA MANOEL DE SA, RJ",4655-8,"estrada manoel de sa num s/n - lote xv 261820 - belford roxo, rj tel: (21) 4003-1043 ag. numero: 4655-8 horario de atendimento: 10:00 as 16:00 (dias uteis)"
8,"SARAPUI, RJ",3390-1,"avenida benjamim pinto dias num 1724 - centro 261300 - belford roxo, rj tel: (21) 4003-1043 ag. numero: 3390-1 horario de atendimento: 10:00 as 16:00 (dias uteis)"
9,"BOM JARDIM, RJ",2060-5,"rua miguel de carvalho num 159 - centro 286600 - bom jardim, rj tel: (22) 4003-1043 ag. numero: 2060-5 horario de atendimento: 10:00 as 15:00 (dias uteis)"
10,"BOM JESUS DO ITABAPOANA, RJ",0178-3,"praca amaral peixoto num 76 - centro 283600 - bom jesus do itabapoana, rj tel: (22) 4003-1043 ag. numero: 0178-3 horario de atendimento: 10:00 as 15:00 (dias uteis)"
11,"BAIRRO SAO CRISTOVAO, RJ",4437-7,"avenida joaquim nogueira num 1305 - sao cristovao 28909490 - cabo frio, rj tel: (22) 4003-1043 ag. numero: 4437-7 horario de atendimento: 10:00 as 15:00 (dias uteis)"
12,"CABO FRIO, RJ",0179-1,"avenida assuncao num 848 - centro 28906200 - cabo frio, rj tel: (22) 4003-1043 ag. numero: 0179-1 horario de atendimento: 10:00 as 15:00 (dias uteis)"
13,"CACHOEIRAS DE MACACU, RJ",2061-3,"rua serafim coelho gomes num 5 - centro 286800 - cachoeiras de macacu, rj tel: (21) 4003-1043 ag. numero: 2061-3 horario de atendimento: 10:00 as 15:00 (dias uteis)"
14,"BARAO DE MIRACEMA, RJ",4337-0,"rua barao de miracema num 329 - centro 28035301 - campos dos goytacazes, rj tel: (22) 4003-1043 ag. numero: 4337-0 horario de atendimento: 10:00 as 16:00 (dias uteis)"
15,"BENTA PEREIRA, RJ",2524-0,"rua tenente-coronel cardoso num 517 - centro 28010801 - campos dos goytacazes, rj tel: (22) 4003-1043 ag. numero: 2524-0 horario de atendimento: 10:00 as 16:00 (dias uteis)"
16,"CAMPOS, RJ",0180-5,"boulevard francisco de paula carneiro num 1/9 - centro 28010230 - campos dos goytacazes, rj tel: (22) 4003-1043 ag. numero: 0180-5 horario de atendimento: 10:00 as 16:00 (dias uteis)"
17,"GUARUS, RJ",4120-3,"rua doutor andre luiz num 40/44 - parque jardim carioca 28080460 - campos dos goytacazes, rj tel: (22) 4003-1043 ag. numero: 4120-3 horario de atendimento: 10:00 as 16:00 (dias uteis)"
18,"PELINCA, RJ",3239-5,"rua manoel teodoro num 28 - centro 28030490 - campos dos goytacazes, rj tel: (22) 4003-1043 ag. numero: 3239-5 horario de atendimento: 10:00 as 16:00 (dias uteis)"
19,"TURFE CLUBE, RJ",1927-5,"avenida deputado alair ferreira num 435 - parque turf club 28024600 - campos dos goytacazes, rj tel: (22) 4003-1043 ag. numero: 1927-5 horario de atendimento: 10:00 as 16:00 (dias uteis)"
20,"CANTAGALO, RJ",0970-9,"rua chapot prevost num 158 - centro 285000 - cantagalo, rj tel: (22) 4003-1043 ag. numero: 0970-9 horario de atendimento: 10:00 as 15:00 (dias uteis)"
21,"CORDEIRO, RJ",3174-7,"rua joao beliene salgado num 22 - centro 285400 - cordeiro, rj tel: (22) 4003-1043 ag. numero: 3174-7 horario de atendimento: 10:00 as 15:00 (dias uteis)"
22,"25 DE AGOSTO, RJ",1334-0,"praca roberto silveira num 24 - centro 250705 - duque de caxias, rj tel: (21) 4003-1043 ag. numero: 1334-0 horario de atendimento: 10:00 as 16:00 (dias uteis)"
23,"BRIGADEIRO LIMA E SILVA, RJ",4118-1,"avenida brigadeiro lima e silva num 1591 - centro 25071181 - duque de caxias, rj tel: (21) 4003-1043 ag. numero: 4118-1 horario de atendimento: 10:00 as 16:00 (dias uteis)"
24,"DUQUE DE CAXIAS, RJ",0181-3,"rua jose de alvarenga num 271 - centro 25020140 - duque de caxias, rj tel: (21) 4003-1043 ag. numero: 0181-3 horario de atendimento: 10:00 as 16:00 (dias uteis)"
25,"GRANDE RIO, RJ",2538-0,"avenida presidente vargas num 300 - centro 25070330 - duque de caxias, rj tel: (21) 4003-1043 ag. numero: 2538-0 horario de atendimento: 10:00 as 16:00 (dias uteis)"
26,"NILO PECANHA, RJ",4162-9,"avenida nilo pecanha num 249 - centro 25010145 - duque de caxias, rj tel: (21) 4003-1043 ag. numero: 4162-9 horario de atendimento: 10:00 as 16:00 (dias uteis)"
27,"SANTA CRUZ DA SERRA, RJ",4881-0,"rua alagoas num 26 f - chacaras arcampo 2525570 - duque de caxias, rj tel: (21) 4003-1043 ag. numero: 4881-0 horario de atendimento: 10:00 as 16:00 (dias uteis)"
28,"GUAPIMIRIM, RJ",4854-2,"avenida dedo de deus num 380 - centro 25946244 - guapimirim, rj tel: (21) 4003-1043 ag. numero: 4854-2 horario de atendimento: 10:00 as 15:00 (dias uteis)"
29,"ITABORAI, RJ",0811-7,"praca roberto pereira dos santos num 63 - centro 24800130 - itaborai, rj tel: (21) 4003-1043 ag. numero: 0811-7 horario de atendimento: 10:00 as 15:00 (dias uteis)"
30,"MANILHA, RJ",4376-1,"rua jose joaquim de oliveira num 235 - centro (manilha) 24855296 - itaborai, rj tel: (21) 4003-1043 ag. numero: 4376-1 horario de atendimento: 10:00 as 15:00 (dias uteis)"
31,"ITAGUAI, RJ",0909-1,"rua doutor curvelo cavalcanti num 499 - centro 23815291 - itaguai, rj tel: (21) 4003-1043 ag. numero: 0909-1 horario de atendimento: 10:00 as 15:00 (dias uteis)"
32,"ITALVA, RJ",4642-6,"rua olivia de faria num 161 - centro 282500 - italva, rj tel: (22) 4003-1043 ag. numero: 4642-6 horario de atendimento: 10:00 as 15:00 (dias uteis)"
33,"ITAOCARA, RJ",1245-9,"avenida roberto silveira num 50 - centro 285700 - itaocara, rj tel: (22) 4003-1043 ag. numero: 1245-9 horario de atendimento: 10:00 as 15:00 (dias uteis)"
34,"ITAPERUNA, RJ",0182-1,"avenida cardoso moreira num 236 - centro 283000 - itaperuna, rj tel: (22) 4003-1043 ag. numero: 0182-1 horario de atendimento: 10:00 as 15:00 (dias uteis)"
35,"ITATIAIA, RJ",2810-0,"rua dona apolinaria num 216 - centro 275800 - itatiaia, rj tel: (24) 4003-1043 ag. numero: 2810-0 horario de atendimento: 10:00 as 15:00 (dias uteis)"
36,"JAPERI, RJ",2131-8,"estrada santo antonio num 385 - engenheiro pedreira 26455280 - japeri, rj tel: (21) 4003-1043 ag. numero: 2131-8 horario de atendimento: 10:00 as 15:00 (dias uteis)"
37,"CAVALEIROS, RJ",3391-0,"rua dolores carvalho vasconcelos num 193 - gloria 27937600 - macae, rj tel: (22) 4003-1043 ag. numero: 3391-0 horario de atendimento: 10:00 as 15:00 (dias uteis)"
38,"MACAE, RJ",0184-8,"avenida rui barbosa num 790 - centro 27910362 - macae, rj tel: (22) 4003-1043 ag. numero: 0184-8 horario de atendimento: 10:00 as 15:00 (dias uteis)"
39,"PARQUE VALENTINA MIRANDA, RJ",4659-0,"avenida rui barbosa num 1895 - imbetiba 2791511 - macae, rj tel: (22) 4003-1043 ag. numero: 4659-0 horario de atendimento: 10:00 as 15:00 (dias uteis)"
40,"PETROBRAS IMBETIBA, RJ",4022-3,"avenida elias agostinho num 665 - imbetiba 27913350 - macae, rj tel: (22) 4003-1043 ag. numero: 4022-3 horario de atendimento: 10:00 as 15:00 (dias uteis)"
41,"MAGE, RJ",0183-0,"rua doutor siqueira num 342 - centro 2590094 - mage, rj tel: (21) 4003-1043 ag. numero: 0183-0 horario de atendimento: 10:00 as 15:00 (dias uteis)"
42,"MARICA, RJ",1244-0,"avenida roberto da silveira num 140 - centro 24900445 - marica, rj tel: (21) 4003-1043 ag. numero: 1244-0 horario de atendimento: 10:00 as 16:00 (dias uteis)"
43,"VILA DE SANTA MARIA, RJ",4724-4,"praca conselheiro macedo soares num 84 e 92 - centro 249015 - marica, rj tel: (21) 4003-1043 ag. numero: 4724-4 horario de atendimento: 10:00 as 16:00 (dias uteis)"
44,"MENDES, RJ",2068-0,"rua cap. francisco cabral num 127 - centro 267000 - mendes, rj tel: (24) 4003-1043 ag. numero: 2068-0 horario de atendimento: 10:00 as 15:00 (dias uteis)"
45,"MESQUITA, RJ",3406-1,"rua goias num 92 - centro 2655360 - mesquita, rj tel: (21) 4003-1043 ag. numero: 3406-1 horario de atendimento: 10:00 as 15:00 (dias uteis)"
46,"MIGUEL PEREIRA, RJ",0992-0,"rua machado bittencourt num 110 - centro 269000 - miguel pereira, rj tel: (24) 4003-1043 ag. numero: 0992-0 horario de atendimento: 10:00 as 15:00 (dias uteis)"
47,"MIRACEMA, RJ",1335-8,"praca getulio vargas num 31 - centro 284600 - miracema, rj tel: (22) 4003-1043 ag. numero: 1335-8 horario de atendimento: 10:00 as 15:00 (dias uteis)"
48,"NATIVIDADE, RJ",1246-7,"avenida amaral peixoto num 3 - centro 283800 - natividade, rj tel: (22) 4003-1043 ag. numero: 1246-7 horario de atendimento: 10:00 as 15:00 (dias uteis)"
49,"BEIJA-FLOR, RJ",4145-9,"avenida getulio vargas num 1706 - centro 2652522 - nilopolis, rj tel: (21) 4003-1043 ag. numero: 4145-9 horario de atendimento: 10:00 as 16:00 (dias uteis)"
50,"NILOPOLIS, RJ",0187-2,"avenida getulio vargas num 1411/1417 - centro 2652523 - nilopolis, rj tel: (21) 4003-1043 ag. numero: 0187-2 horario de atendimento: 10:00 as 16:00 (dias uteis)"
51,"FONSECA, RJ",1337-4,"alameda sao boa ventura num 904 - fonseca 24120191 - niteroi, rj tel: (21) 4003-1043 ag. numero: 1337-4 horario de atendimento: 10:00 as 16:00 (dias uteis)"
52,"ICARAI, RJ",0175-9,"rua gaviao peixoto num 226 - icarai 24230102 - niteroi, rj tel: (21) 4003-1043 ag. numero: 0175-9 horario de atendimento: 10:00 as 16:00 (dias uteis)"
53,"ITAIPU, RJ",4448-2,"estrada francisco da cruz nunes num 9107 - itaipu 243400 - niteroi, rj tel: (21) 4003-1043 ag. numero: 4448-2 horario de atendimento: 10:00 as 16:00 (dias uteis)"
54,"JOSE CLEMENTE, RJ",1507-5,"rua jose clemente num 78 - centro 24020105 - niteroi, rj tel: (21) 4003-1043 ag. numero: 1507-5 horario de atendimento: 10:00 as 16:00 (dias uteis)"
55,"LARGO DO MARRAO, RJ",2180-6,"rua lopes trovao num 500 - icarai 2422070 - niteroi, rj tel: (21) 4003-1043 ag. numero: 2180-6 horario de atendimento: 10:00 as 16:00 (dias uteis)"
56,"MIGUEL DE FRIAS, RJ",2933-5,"rua miguel de frias num 88 - icarai 242202 - niteroi, rj tel: (21) 4003-1043 ag. numero: 2933-5 horario de atendimento: 10:00 as 16:00 (dias uteis)"
57,"NITEROI, RJ",0174-0,"avenida ernani do amaral peixoto num 335 - centro 2402072 - niteroi, rj tel: (21) 4003-1043 ag. numero: 0174-0 horario de atendimento: 10:00 as 16:00 (dias uteis)"
58,"PIRATININGA, RJ",3022-8,"avenida professor ernani faria alves num 150 - piratininga 24350680 - niteroi, rj tel: (21) 4003-1043 ag. numero: 3022-8 horario de atendimento: 10:00 as 16:00 (dias uteis)"
59,"SAO FRANCISCO, RJ",1247-5,"avenida rui barbosa num 144 - sao francisco 24360440 - niteroi, rj tel: (21) 4003-1043 ag. numero: 1247-5 horario de atendimento: 10:00 as 16:00 (dias uteis)"
60,"SHOPPING BAY MARKET, RJ",3092-9,"rua visconde do rio branco num 360 - centro 240202 - niteroi, rj tel: (21) 4003-1043 ag. numero: 3092-9 horario de atendimento: 10:00 as 16:00 (dias uteis)"
61,"CONSELHEIRO PAULINO, RJ",4119-0,"avenida governador roberto silveira num 3780 - conselheiro paulino 286350 - nova friburgo, rj tel: (22) 4003-1043 ag. numero: 4119-0 horario de atendimento: 10:00 as 15:00 (dias uteis)"
62,"NOVA FRIBURGO, RJ",0186-4,"avenida alberto braune num 9 - centro 286131 - nova friburgo, rj tel: (22) 4003-1043 ag. numero: 0186-4 horario de atendimento: 10:00 as 15:00 (dias uteis)"
63,"OLARIA, RJ",1623-3,"avenida julio antonio thurler num 260 - olaria 286200 - nova friburgo, rj tel: (22) 4003-1043 ag. numero: 1623-3 horario de atendimento: 10:00 as 15:00 (dias uteis)"
64,"COMENDADOR SOARES, RJ",4755-4,"rua tomas fonseca num 259 - comendador soares 26280375 - nova iguacu, rj tel: (21) 4003-1043 ag. numero: 4755-4 horario de atendimento: 10:00 as 16:00 (dias uteis)"
65,"ESTACAO NOVA IGUACU, RJ",3597-1,"praca liberdade num 98 - centro 2621050 - nova iguacu, rj tel: (21) 4003-1043 ag. numero: 3597-1 horario de atendimento: 10:00 as 16:00 (dias uteis)"
66,"IGUACUANO, RJ",1620-9,"avenida nilo pecanha num 534 - centro 26215512 - nova iguacu, rj tel: (21) 4003-1043 ag. numero: 1620-9 horario de atendimento: 10:00 as 16:00 (dias uteis)"
67,"MARIO GUIMARAES, RJ",1619-5,"rua quintino bocaiuva num 37 - centro 26210150 - nova iguacu, rj tel: (21) 4003-1043 ag. numero: 1619-5 horario de atendimento: 10:00 as 16:00 (dias uteis)"
68,"NOVA IGUACU, RJ",0185-6,"avenida marechal floriano peixoto num 2370 - centro 2622060 - nova iguacu, rj tel: (21) 4003-1043 ag. numero: 0185-6 horario de atendimento: 10:00 as 16:00 (dias uteis)"
69,"PARACAMBI, RJ",1336-6,"rua francisco dias raposo num 43 - centro 266000 - paracambi, rj tel: (21) 4003-1043 ag. numero: 1336-6 horario de atendimento: 10:00 as 15:00 (dias uteis)"
70,"PARAIBA DO SUL, RJ",0925-3,"avenida barao do piabanha num 107 - centro 258500 - paraiba do sul, rj tel: (24) 4003-1043 ag. numero: 0925-3 horario de atendimento: 10:00 as 15:00 (dias uteis)"
71,"PARATY, RJ",2914-9,"rua roberto da silveira num 50-a - centro 239700 - paraty, rj tel: (24) 4003-1043 ag. numero: 2914-9 horario de atendimento: 10:00 as 15:00 (dias uteis)"
72,"PATY DO ALFERES, RJ",4871-2,"rua manoel bernardes num 455 - centro 269500 - paty do alferes, rj tel: (24) 4003-1043 ag. numero: 4871-2 horario de atendimento: 10:00 as 15:00 (dias uteis)"
73,"IMPERIAL, RJ",1651-9,"rua do imperador num 149/153 - centro 256202 - petropolis, rj tel: (24) 4003-1043 ag. numero: 1651-9 horario de atendimento: 10:00 as 15:00 (dias uteis)"
74,"ITAIPAVA, RJ",4146-7,"estrada uniao e industria num 10040 - itaipava 25730735 - petropolis, rj tel: (24) 4003-1043 ag. numero: 4146-7 horario de atendimento: 10:00 as 15:00 (dias uteis)"
75,"PETROPOLIS, RJ",0188-0,"rua do imperador num 745 - centro 256203 - petropolis, rj tel: (24) 4003-1043 ag. numero: 0188-0 horario de atendimento: 10:00 as 15:00 (dias uteis)"
76,"PINHEIRAL, RJ",2171-7,"avenida nilton penna botelho num 400 - sao jorge 271970 - pinheiral, rj tel: (24) 4003-1043 ag. numero: 2171-7 horario de atendimento: 10:00 as 15:00 (dias uteis)"
77,"PIRAI, RJ",2077-0,"rua barao pirai num 270 - centro 271750 - pirai, rj tel: (24) 4003-1043 ag. numero: 2077-0 horario de atendimento: 10:00 as 15:00 (dias uteis)"
78,"PORCIUNCULA, RJ",0656-4,"praca antonio amado num 172 - centro 283900 - porciuncula, rj tel: (22) 4003-1043 ag. numero: 0656-4 horario de atendimento: 10:00 as 15:00 (dias uteis)"
79,"PORTO REAL, RJ",2207-1,"avenida a num 126 - nova colonia 275700 - porto real, rj tel: (24) 4003-1043 ag. numero: 2207-1 horario de atendimento: 10:00 as 15:00 (dias uteis)"
80,"QUATIS, RJ",4977-8,"rua avelino batista soares num 90 - centro 27410180 - quatis, rj tel: (24) 4003-1043 ag. numero: 4977-8 horario de atendimento: 10:00 as 15:00 (dias uteis)"
81,"QUEIMADOS, RJ",4097-5,"rua vereador marinho hemeterio oliveira num 80 - centro 26325282 - queimados, rj tel: (21) 4003-1043 ag. numero: 4097-5 horario de atendimento: 10:00 as 15:00 (dias uteis)"
82,"QUISSAMA, RJ",4660-4,"rua barao de vila franca num 362 - centro 287350 - quissama, rj tel: (22) 4003-1043 ag. numero: 4660-4 horario de atendimento: 10:00 as 15:00 (dias uteis)"
83,"MANEJO, RJ",3551-3,"rua tenente-coronel adalberto mendes num 417 - manejo 27520301 - resende, rj tel: (24) 4003-1043 ag. numero: 3551-3 horario de atendimento: 10:00 as 15:00 (dias uteis)"
84,"RESENDE, RJ",0189-9,"avenida albino de almeida num 26 - campos eliseos 2754270 - resende, rj tel: (24) 4003-1043 ag. numero: 0189-9 horario de atendimento: 10:00 as 15:00 (dias uteis)"
85,"RIO BONITO, RJ",0769-2,"rua getulio vargas num 86 - centro 288000 - rio bonito, rj tel: (21) 4003-1043 ag. numero: 0769-2 horario de atendimento: 10:00 as 15:00 (dias uteis)"
86,"JARDIM MARILEIA, RJ",4403-2,"avenida jane maria martins figueira num 1531 - jardim marilea 2889613 - rio das ostras, rj tel: (22) 4003-1043 ag. numero: 4403-2 horario de atendimento: 10:00 as 15:00 (dias uteis)"
87,"RIO DAS OSTRAS, RJ",2738-3,"avenida amaral peixoto num 4170 - balneario remanso 2889395 - rio das ostras, rj tel: (22) 4003-1043 ag. numero: 2738-3 horario de atendimento: 10:00 as 15:00 (dias uteis)"
88,"14 BIS, RJ",0231-3,"avenida marechal camara num 160 - centro 2002080 - rio de janeiro, rj tel: (21) 4003-1043 ag. numero: 0231-3 horario de atendimento: 10:00 as 16:00 (dias uteis)"
89,"AEROPORTO SANTOS DUMONT, RJ",1648-9,"avenida marechal camara num 160 a - centro 2002080 - rio de janeiro, rj tel: (21) 4003-1043 ag. numero: 1648-9 horario de atendimento: 10:00 as 16:00 (dias uteis)"
90,"ALMIRANTE GONCALVES, RJ",3023-6,"rua almirante goncalves num 35 a - copacabana 2206040 - rio de janeiro, rj tel: (21) 4003-1043 ag. numero: 3023-6 horario de atendimento: 10:00 as 16:00 (dias uteis)"
91,"ALMIRANTE TAMANDARE, RJ",0199-6,"avenida rio branco num 1 - centro 200903 - rio de janeiro, rj tel: (21) 4003-1043 ag. numero: 0199-6 horario de atendimento: 10:00 as 16:00 (dias uteis)"
92,"AMERICAS, RJ",2913-0,"avenida das americas num 1500 - barra da tijuca 22640100 - rio de janeiro, rj tel: (21) 4003-1043 ag. numero: 2913-0 horario de atendimento: 10:00 as 16:00 (dias uteis)"
93,"ANDARAI, RJ",0201-1,"rua barao de mesquita num 906 - tijuca 205404 - rio de janeiro, rj tel: (21) 4003-1043 ag. numero: 0201-1 horario de atendimento: 10:00 as 16:00 (dias uteis)"
94,"ANIL, RJ",4648-5,"estrada de jacarepagua num 6834 - anil 2275334 - rio de janeiro, rj tel: (21) 4003-1043 ag. numero: 4648-5 horario de atendimento: 10:00 as 16:00 (dias uteis)"
95,"ARMANDO LOMBARDI, RJ",2954-8,"avenida armando lombardi num 400 - barra da tijuca 226400 - rio de janeiro, rj tel: (21) 4003-1043 ag. numero: 2954-8 horario de atendimento: 10:00 as 16:00 (dias uteis)"
96,"ATAULFO DE PAIVA, RJ",3131-3,"avenida ataulfo de paiva num 255 - leblon 2244032 - rio de janeiro, rj tel: (21) 4003-1043 ag. numero: 3131-3 horario de atendimento: 10:00 as 16:00 (dias uteis)"
97,"AV ABELARDO BUENO, RJ",4748-1,"avenida embaixador abelardo bueno num 3500 - barra da tijuca 2277540 - rio de janeiro, rj tel: (21) 4003-1043 ag. numero: 4748-1 horario de atendimento: 10:00 as 16:00 (dias uteis)"
98,"AV CHILE, RJ",1624-1,"avenida republica do chile num 230 - centro 20031170 - rio de janeiro, rj tel: (21) 4003-1043 ag. numero: 1624-1 horario de atendimento: 10:00 as 16:00 (dias uteis)"
99,"AV LOBO JUNIOR, RJ",0207-0,"avenida lobo junior num 1603 - penha circular 21020123 - rio de janeiro, rj tel: (21) 4003-1043 ag. numero: 0207-0 horario de atendimento: 10:00 as 16:00 (dias uteis)"
100,"AV MINISTRO ARI FRANCO, RJ",4415-6,"avenida ministro ari franco num 385 - bangu 218625 - rio de janeiro, rj tel: (21) 4003-1043 ag. numero: 4415-6 horario de atendimento: 10:00 as 16:00 (dias uteis)"
101,"AV RIO BRANCO, RJ",4144-0,"rua buenos aires num 56 - centro 2007022 - rio de janeiro, rj tel: (21) 4003-1043 ag. numero: 4144-0 horario de atendimento: 10:00 as 16:00 (dias uteis)"
102,"BANDEIRA, RJ",0202-0,"rua mariz e barros num 79 - praca da bandeira 202705 - rio de janeiro, rj tel: (21) 4003-1043 ag. numero: 0202-0 horario de atendimento: 10:00 as 16:00 (dias uteis)"
103,"BANGU, RJ",0203-8,"avenida conego de vasconcelos num 367 - bangu 2181011 - rio de janeiro, rj tel: (21) 4003-1043 ag. numero: 0203-8 horario de atendimento: 10:00 as 16:00 (dias uteis)"
104,"BARAO DE MESQUITA, RJ",2904-1,"rua barao de mesquita num 238 - tijuca 205403 - rio de janeiro, rj tel: (21) 4003-1043 ag. numero: 2904-1 horario de atendimento: 10:00 as 16:00 (dias uteis)"
105,"BARATA RIBEIRO, RJ",0204-6,"rua siqueira campos num 34 - copacabana 2203172 - rio de janeiro, rj tel: (21) 4003-1043 ag. numero: 0204-6 horario de atendimento: 10:00 as 16:00 (dias uteis)"
106,"BARRA DA TIJUCA, RJ",1344-7,"avenida das americas num 3959 - barra da tijuca 226313 - rio de janeiro, rj tel: (21) 4003-1043 ag. numero: 1344-7 horario de atendimento: 10:00 as 16:00 (dias uteis)"
107,"BONSUCESSO, RJ",0205-4,"rua cardoso de morais num 106 - bonsucesso 210320 - rio de janeiro, rj tel: (21) 4003-1043 ag. numero: 0205-4 horario de atendimento: 10:00 as 16:00 (dias uteis)"
108,"BOTAFOGO, RJ",0206-2,"rua voluntarios da patria num 246 - botafogo 2227014 - rio de janeiro, rj tel: (21) 4003-1043 ag. numero: 0206-2 horario de atendimento: 10:00 as 16:00 (dias uteis)"
109,"CACUIA, RJ",4543-8,"estrada do galeao num 853 - jardim guanabara 21931383 - rio de janeiro, rj tel: (21) 4003-1043 ag. numero: 4543-8 horario de atendimento: 10:00 as 16:00 (dias uteis)"
110,"CARDEAL ARCOVERDE, RJ",2912-2,"rua barata ribeiro num 222 - copacabana 220402 - rio de janeiro, rj tel: (21) 4003-1043 ag. numero: 2912-2 horario de atendimento: 10:00 as 16:00 (dias uteis)"
111,"CASCADURA, RJ",0210-0,"avenida ernani cardoso num 49/51 - cascadura 21310310 - rio de janeiro, rj tel: (21) 4003-1043 ag. numero: 0210-0 horario de atendimento: 10:00 as 16:00 (dias uteis)"
112,"CATETE, RJ",1327-7,"rua do catete num 228 - catete 222201 - rio de janeiro, rj tel: (21) 4003-1043 ag. numero: 1327-7 horario de atendimento: 10:00 as 16:00 (dias uteis)"
113,"CINELANDIA, RJ",3225-5,"praca floriano num 31 - lj a,b,c - centro 2003150 - rio de janeiro, rj tel: (21) 4003-1043 ag. numero: 3225-5 horario de atendimento: 10:00 as 16:00 (dias uteis)"
114,"COCOTA, RJ",0216-0,"praia da olaria num 33 - cocota 21910295 - rio de janeiro, rj tel: (21) 4003-1043 ag. numero: 0216-0 horario de atendimento: 10:00 as 16:00 (dias uteis)"
115,"CONDE DE BONFIM, RJ",1026-0,"rua conde de bonfim num 604 - tijuca 2052055 - rio de janeiro, rj tel: (21) 4003-1043 ag. numero: 1026-0 horario de atendimento: 10:00 as 16:00 (dias uteis)"
116,"COPACABANA, RJ",0212-7,"avenida nossa senhora de copacabana num 861 - copacabana 220601 - rio de janeiro, rj tel: (21) 4003-1043 ag. numero: 0212-7 horario de atendimento: 10:00 as 16:00 (dias uteis)"
117,"CURICICA, RJ",1037-5,"estrada dos bandeirantes num 4984 - jacarepagua 22775110 - rio de janeiro, rj tel: (21) 4003-1043 ag. numero: 1037-5 horario de atendimento: 10:00 as 16:00 (dias uteis)"
118,"DEODORO, RJ",0213-5,"avenida duque de caxias num 431 - deodoro 21615220 - rio de janeiro, rj tel: (21) 4003-1043 ag. numero: 0213-5 horario de atendimento: 10:00 as 16:00 (dias uteis)"
119,"DIAS DA CRUZ, RJ",2264-0,"rua dias da cruz num 535 - meier 2072011 - rio de janeiro, rj tel: (21) 4003-1043 ag. numero: 2264-0 horario de atendimento: 10:00 as 16:00 (dias uteis)"
120,"DOWNTOWN, RJ",3024-4,"avenida das americas num 500 - barra da tijuca 22640100 - rio de janeiro, rj tel: (21) 4003-1043 ag. numero: 3024-4 horario de atendimento: 10:00 as 16:00 (dias uteis)"
121,"ESTRADA DO GALEAO, RJ",0215-1,"rua cambauba num 6 - jardim guanabara 219405 - rio de janeiro, rj tel: (21) 4003-1043 ag. numero: 0215-1 horario de atendimento: 10:00 as 16:00 (dias uteis)"
122,"ESTRADA DOS BANDEIRANTES, RJ",4750-3,"estrada dos bandeirantes num 8591 - jacarepagua 22783115 - rio de janeiro, rj tel: (21) 4003-1043 ag. numero: 4750-3 horario de atendimento: 10:00 as 16:00 (dias uteis)"
123,"ESTRADA DOS TRES RIOS, RJ",4402-4,"estrada dos tres rios num 721 - jacarepagua 227454 - rio de janeiro, rj tel: (21) 4003-1043 ag. numero: 4402-4 horario de atendimento: 10:00 as 16:00 (dias uteis)"
124,"FREGUESIA, RJ",4063-0,"estrada de jacarepagua num 7845 - jacarepagua 2275333 - rio de janeiro, rj tel: (21) 4003-1043 ag. numero: 4063-0 horario de atendimento: 10:00 as 16:00 (dias uteis)"
125,"FREIRE ALEMAO, RJ",0208-9,"avenida cesario de melo num 3166 - campo grande 23050102 - rio de janeiro, rj tel: (21) 4003-1043 ag. numero: 0208-9 horario de atendimento: 10:00 as 16:00 (dias uteis)"
126,"GAVEA, RJ",1339-0,"rua marques de sao vicente num 52 - gavea 2245140 - rio de janeiro, rj tel: (21) 4003-1043 ag. numero: 1339-0 horario de atendimento: 10:00 as 16:00 (dias uteis)"
127,"GUANABARA, RJ",0209-7,"avenida rio branco num 39 - centro 200903 - rio de janeiro, rj tel: (21) 4003-1043 ag. numero: 0209-7 horario de atendimento: 10:00 as 16:00 (dias uteis)"
128,"GUARATIBA, RJ",4946-8,"estrada da matriz lote 07 - guaratiba 23020715 - rio de janeiro, rj tel: (21) 4003-1043 ag. numero: 4946-8 horario de atendimento: 10:00 as 16:00 (dias uteis)"
129,"HADDOCK LOBO, RJ",4062-2,"rua haddock lobo num 407 - tijuca 20260141 - rio de janeiro, rj tel: (21) 4003-1043 ag. numero: 4062-2 horario de atendimento: 10:00 as 16:00 (dias uteis)"
130,"INHANGA, RJ",0217-8,"avenida nossa senhora de copacabana num 427 a - copacabana 220202 - rio de janeiro, rj tel: (21) 4003-1043 ag. numero: 0217-8 horario de atendimento: 10:00 as 16:00 (dias uteis)"
131,"INHAUMA, RJ",1095-2,"rua padre januario num 42/44 - inhauma 20765140 - rio de janeiro, rj tel: (21) 4003-1043 ag. numero: 1095-2 horario de atendimento: 10:00 as 16:00 (dias uteis)"
132,"IPANEMA, RJ",0588-6,"rua visconde de piraja num 127 - ipanema 224101 - rio de janeiro, rj tel: (21) 4003-1043 ag. numero: 0588-6 horario de atendimento: 10:00 as 16:00 (dias uteis)"
133,"JACAREPAGUA, RJ",1024-3,"rua apiacas num 200 - taquara 22730190 - rio de janeiro, rj tel: (21) 4003-1043 ag. numero: 1024-3 horario de atendimento: 10:00 as 16:00 (dias uteis)"
134,"JARDIM BOTANICO, RJ",2270-5,"rua jardim botanico num 613 - jardim botanico 2247050 - rio de janeiro, rj tel: (21) 4003-1043 ag. numero: 2270-5 horario de atendimento: 10:00 as 16:00 (dias uteis)"
135,"JARDIM DO MEIER, RJ",4147-5,"rua arquias cordeiro num 288 - meier 207700 - rio de janeiro, rj tel: (21) 4003-1043 ag. numero: 4147-5 horario de atendimento: 10:00 as 16:00 (dias uteis)"
136,"JARDIM OCEANICO, RJ",4043-6,"avenida olegario maciel num 543 - barra da tijuca 22621200 - rio de janeiro, rj tel: (21) 4003-1043 ag. numero: 4043-6 horario de atendimento: 10:00 as 16:00 (dias uteis)"
137,"JORNALISTA ROBERTO MARINHO, RJ",3111-9,"estrada dos bandeirantes num 1430 - taquara 22710112 - rio de janeiro, rj tel: (21) 4003-1043 ag. numero: 3111-9 horario de atendimento: 10:00 as 16:00 (dias uteis)"
138,"JT RIO DE JANEIRO, RJ",2890-8,"rua do lavradio num 98 - centro 2023070 - rio de janeiro, rj tel: (21) 4003-1043 ag. numero: 2890-8 horario de atendimento: 10:00 as 16:00 (dias uteis)"
139,"LARANJEIRAS, RJ",0211-9,"rua das laranjeiras num 43 - laranjeiras 222400 - rio de janeiro, rj tel: (21) 4003-1043 ag. numero: 0211-9 horario de atendimento: 10:00 as 16:00 (dias uteis)"
140,"LARGO DA CARIOCA, RJ",0198-8,"rua da carioca num 27,29,31,33 - centro 200508 - rio de janeiro, rj tel: (21) 4003-1043 ag. numero: 0198-8 horario de atendimento: 10:00 as 16:00 (dias uteis)"
141,"LARGO DA GLORIA, RJ",1776-0,"rua do catete num 54 - catete 222200 - rio de janeiro, rj tel: (21) 4003-1043 ag. numero: 1776-0 horario de atendimento: 10:00 as 16:00 (dias uteis)"
142,"LARGO DO BICAO, RJ",0990-3,"avenida meriti num 2207 - vila da penha 212117 - rio de janeiro, rj tel: (21) 4003-1043 ag. numero: 0990-3 horario de atendimento: 10:00 as 16:00 (dias uteis)"
143,"LEBLON, RJ",0218-6,"rua joao lira num 84 - leblon 22430210 - rio de janeiro, rj tel: (21) 4003-1043 ag. numero: 0218-6 horario de atendimento: 10:00 as 16:00 (dias uteis)"
144,"LEME, RJ",0573-8,"rua antonio vieira num 24 - leme 22010100 - rio de janeiro, rj tel: (21) 4003-1043 ag. numero: 0573-8 horario de atendimento: 10:00 as 16:00 (dias uteis)"
145,"LEOPOLDINENSE, RJ",3590-4,"rua cardoso de morais num 251 - bonsucesso 210320 - rio de janeiro, rj tel: (21) 4003-1043 ag. numero: 3590-4 horario de atendimento: 10:00 as 16:00 (dias uteis)"
146,"LINO TEIXEIRA, RJ",1027-8,"rua lino teixeira num 256/254 - jacare 209707 - rio de janeiro, rj tel: (21) 4003-1043 ag. numero: 1027-8 horario de atendimento: 10:00 as 16:00 (dias uteis)"
147,"MADUREIRA SHOPPING, RJ",3057-0,"estrada do portela num 222 - madureira 2135150 - rio de janeiro, rj tel: (21) 4003-1043 ag. numero: 3057-0 horario de atendimento: 10:00 as 16:00 (dias uteis)"
148,"MADUREIRA, RJ",0219-4,"rua carvalho de sousa num 283 - madureira 21350180 - rio de janeiro, rj tel: (21) 4003-1043 ag. numero: 0219-4 horario de atendimento: 10:00 as 16:00 (dias uteis)"
149,"MEIER, RJ",0221-6,"rua dias da cruz num 28 a - meier 2072012 - rio de janeiro, rj tel: (21) 4003-1043 ag. numero: 0221-6 horario de atendimento: 10:00 as 16:00 (dias uteis)"
150,"NEW YORK CITY CENTER, RJ",2905-0,"avenida das americas num 5000 - barra da tijuca 22640102 - rio de janeiro, rj tel: (21) 4003-1043 ag. numero: 2905-0 horario de atendimento: 10:00 as 16:00 (dias uteis)"
151,"NORTE SHOPPING, RJ",3146-1,"avenida dom helder camara num 5474 - del castilho 207714 - rio de janeiro, rj tel: (21) 4003-1043 ag. numero: 3146-1 horario de atendimento: 10:00 as 16:00 (dias uteis)"
152,"NOSSA SENHORA DA PAZ, RJ",1326-9,"rua visconde de piraja num 357 - ipanema 224103 - rio de janeiro, rj tel: (21) 4003-1043 ag. numero: 1326-9 horario de atendimento: 10:00 as 16:00 (dias uteis)"
153,"NOVA AMERICA, RJ",4515-2,"avenida pastor martin luther king jr num 126 - del castilho 20765971 - rio de janeiro, rj tel: (21) 4003-1043 ag. numero: 4515-2 horario de atendimento: 10:00 as 16:00 (dias uteis)"
154,"OPEN MALL, RJ",4749-0,"avenida das americas num 7907 - barra da tijuca 2279381 - rio de janeiro, rj tel: (21) 4003-1043 ag. numero: 4749-0 horario de atendimento: 10:00 as 16:00 (dias uteis)"
155,"PACO IMPERIAL, RJ",3223-9,"rua sete de setembro num 36 e 38 - centro 200509 - rio de janeiro, rj tel: (21) 4003-1043 ag. numero: 3223-9 horario de atendimento: 10:00 as 16:00 (dias uteis)"
156,"PARQUE DE MARAPENDI, RJ",3637-4,"avenida das americas num 13721 - recreio dos bandeirantes 22790701 - rio de janeiro, rj tel: (21) 4003-1043 ag. numero: 3637-4 horario de atendimento: 10:00 as 16:00 (dias uteis)"
157,"PAVUNA, RJ",1094-4,"avenida sargento de milicias num 265 - pavuna 21532290 - rio de janeiro, rj tel: (21) 4003-1043 ag. numero: 1094-4 horario de atendimento: 10:00 as 16:00 (dias uteis)"
158,"PECHINCHA, RJ",3105-4,"estrada pau-ferro num 74 - jacarepagua 2274351 - rio de janeiro, rj tel: (21) 4003-1043 ag. numero: 3105-4 horario de atendimento: 10:00 as 16:00 (dias uteis)"
159,"PENHA, RJ",0224-0,"avenida bras de pina num 02 - penha 2107032 - rio de janeiro, rj tel: (21) 4003-1043 ag. numero: 0224-0 horario de atendimento: 10:00 as 16:00 (dias uteis)"
160,"PEQUENA AFRICA, RJ",4838-0,"avenida barao de tefe num 7 - centro 20220460 - rio de janeiro, rj tel: (21) 4003-1043 ag. numero: 4838-0 horario de atendimento: 10:00 as 16:00 (dias uteis)"
161,"PEREIRA PASSOS, RJ",3093-7,"avenida rio branco num 138 - centro 200402 - rio de janeiro, rj tel: (21) 4003-1043 ag. numero: 3093-7 horario de atendimento: 10:00 as 16:00 (dias uteis)"
162,"PILARES, RJ",0225-9,"avenida dom helder camara num 5795 - pilares 207711 - rio de janeiro, rj tel: (21) 4003-1043 ag. numero: 0225-9 horario de atendimento: 10:00 as 16:00 (dias uteis)"
163,"PIO X, RJ",2915-7,"rua presidente vargas num 309-a - centro 200713 - rio de janeiro, rj tel: (21) 4003-1043 ag. numero: 2915-7 horario de atendimento: 10:00 as 16:00 (dias uteis)"
164,"PRACA JAURU, RJ",0537-1,"estrada do tindiba num 2941 - jacarepagua 22725421 - rio de janeiro, rj tel: (21) 4003-1043 ag. numero: 0537-1 horario de atendimento: 10:00 as 16:00 (dias uteis)"
165,"PRACA MAUA, RJ",2956-4,"avenida rio branco num 1 - centro 200903 - rio de janeiro, rj tel: (21) 4003-1043 ag. numero: 2956-4 horario de atendimento: 10:00 as 16:00 (dias uteis)"
166,"PRACA SECA, RJ",1707-8,"praca seca num 7 - praca seca 2132110 - rio de janeiro, rj tel: (21) 4003-1043 ag. numero: 1707-8 horario de atendimento: 10:00 as 16:00 (dias uteis)"
167,"PRAIA DE BOTAFOGO, RJ",3307-3,"rua farani num 4 - botafogo 2223120 - rio de janeiro, rj tel: (21) 4003-1043 ag. numero: 3307-3 horario de atendimento: 10:00 as 16:00 (dias uteis)"
168,"PRESIDENTE VARGAS, RJ",2387-6,"rua da alfandega num 214 - centro 200706 - rio de janeiro, rj tel: (21) 4003-1043 ag. numero: 2387-6 horario de atendimento: 10:00 as 16:00 (dias uteis)"
169,"RAMOS, RJ",1025-1,"rua euclides faria num 27 - ramos 21060100 - rio de janeiro, rj tel: (21) 4003-1043 ag. numero: 1025-1 horario de atendimento: 10:00 as 16:00 (dias uteis)"
170,"REALENGO, RJ",0680-7,"avenida de santa cruz num 1215 - realengo 21710231 - rio de janeiro, rj tel: (21) 4003-1043 ag. numero: 0680-7 horario de atendimento: 10:00 as 16:00 (dias uteis)"
171,"RECREIO DOS BANDEIRANTES, RJ",4148-3,"avenida das americas num 15545 - recreio dos bandeirantes 22790701 - rio de janeiro, rj tel: (21) 4003-1043 ag. numero: 4148-3 horario de atendimento: 10:00 as 16:00 (dias uteis)"
172,"RECREIO SHOPPING, RJ",4203-0,"avenida das americas num 19019 - recreio dos bandeirantes 22790703 - rio de janeiro, rj tel: (21) 4003-1043 ag. numero: 4203-0 horario de atendimento: 10:00 as 16:00 (dias uteis)"
173,"RIACHUELO, RJ",0995-4,"rua riachuelo num 61 - centro 2023014 - rio de janeiro, rj tel: (21) 4003-1043 ag. numero: 0995-4 horario de atendimento: 10:00 as 16:00 (dias uteis)"
174,"RIO COMPRIDO, RJ",2247-0,"rua do bispo num 29 a - rio comprido 2026163 - rio de janeiro, rj tel: (21) 4003-1043 ag. numero: 2247-0 horario de atendimento: 10:00 as 16:00 (dias uteis)"
175,"RIO DE JANEIRO, RJ",0542-8,"avenida rio branco num 125 - centro 200406 - rio de janeiro, rj tel: (21) 4003-1043 ag. numero: 0542-8 horario de atendimento: 10:00 as 16:00 (dias uteis)"
176,"RIO DO A, RJ",3358-8,"estrada rio do a num 1131 - campo grande 23080300 - rio de janeiro, rj tel: (21) 4003-1043 ag. numero: 3358-8 horario de atendimento: 10:00 as 16:00 (dias uteis)"
177,"RIO OESTE, RJ",4087-8,"estrada do mendanha num 256 - campo grande 23087284 - rio de janeiro, rj tel: (21) 4003-1043 ag. numero: 4087-8 horario de atendimento: 10:00 as 16:00 (dias uteis)"
178,"RIO SUL, RJ",0545-2,"avenida lauro sodre num 445 - botafogo 2229070 - rio de janeiro, rj tel: (21) 4003-1043 ag. numero: 0545-2 horario de atendimento: 10:00 as 16:00 (dias uteis)"
179,"ROCHA MIRANDA, RJ",0673-4,"avenida dos italianos num 375 - rocha miranda 21510102 - rio de janeiro, rj tel: (21) 4003-1043 ag. numero: 0673-4 horario de atendimento: 10:00 as 16:00 (dias uteis)"
180,"ROSARIO, RJ",2834-7,"rua do rosario num 103 - centro 200414 - rio de janeiro, rj tel: (21) 4003-1043 ag. numero: 2834-7 horario de atendimento: 10:00 as 16:00 (dias uteis)"
181,"RUA AMARAL COSTA, RJ",2955-6,"rua amaral costa num 311 - campo grande 23050260 - rio de janeiro, rj tel: (21) 4003-1043 ag. numero: 2955-6 horario de atendimento: 10:00 as 16:00 (dias uteis)"
182,"RUA AUGUSTO DE VASCONCELOS, RJ",4945-0,"rua augusto de vasconcelos num 1307,1309,1325 - campo grande 23045120 - rio de janeiro, rj tel: (21) 4003-1043 ag. numero: 4945-0 horario de atendimento: 10:00 as 16:00 (dias uteis)"
183,"RUA DE SANTANA, RJ",3613-7,"rua de santana num 138 - centro 20230261 - rio de janeiro, rj tel: (21) 4003-1043 ag. numero: 3613-7 horario de atendimento: 10:00 as 16:00 (dias uteis)"
184,"RUA NELSON MANDELA, RJ",1343-9,"rua nelson mandela num 100 - botafogo 222605 - rio de janeiro, rj tel: (21) 4003-1043 ag. numero: 1343-9 horario de atendimento: 10:00 as 16:00 (dias uteis)"
185,"SAENS PENA, RJ",0228-3,"rua conde de bonfim num 302 - tijuca 2052054 - rio de janeiro, rj tel: (21) 4003-1043 ag. numero: 0228-3 horario de atendimento: 10:00 as 16:00 (dias uteis)"
186,"SANTA CRUZ, RJ",0229-1,"rua felipe cardoso num 581 - santa cruz 235106 - rio de janeiro, rj tel: (21) 4003-1043 ag. numero: 0229-1 horario de atendimento: 10:00 as 16:00 (dias uteis)"
187,"SAO CRISTOVAO, RJ",0232-1,"rua sao cristovao num 670 - sao cristovao 209401 - rio de janeiro, rj tel: (21) 4003-1043 ag. numero: 0232-1 horario de atendimento: 10:00 as 16:00 (dias uteis)"
188,"SEPETIBA, RJ",2376-0,"estrada de sepetiba num 5566 - sepetiba 235453 - rio de janeiro, rj tel: (21) 4003-1043 ag. numero: 2376-0 horario de atendimento: 10:00 as 16:00 (dias uteis)"
189,"SHOPPING BOULEVARD RIO, RJ",3187-9,"rua barao de sao francisco num 236 - andarai 20560904 - rio de janeiro, rj tel: (21) 4003-1043 ag. numero: 3187-9 horario de atendimento: 10:00 as 16:00 (dias uteis)"
190,"SHOPPING CENTER TIJUCA, RJ",1650-0,"avenida maracana num 987 - tijuca 205110 - rio de janeiro, rj tel: (21) 4003-1043 ag. numero: 1650-0 horario de atendimento: 10:00 as 16:00 (dias uteis)"
191,"SHOPPING VIA BRASIL, RJ",1330-7,"rua itapera num 500 - iraja 21230500 - rio de janeiro, rj tel: (21) 4003-1043 ag. numero: 1330-7 horario de atendimento: 10:00 as 16:00 (dias uteis)"
192,"TELEPORTO, RJ",4064-9,"rua afonso cavalcanti num 33 - cidade nova 20211110 - rio de janeiro, rj tel: (21) 4003-1043 ag. numero: 4064-9 horario de atendimento: 10:00 as 16:00 (dias uteis)"
193,"TINDIBA, RJ",2324-8,"estrada do tindiba num 1645 - pechincha 22740361 - rio de janeiro, rj tel: (21) 4003-1043 ag. numero: 2324-8 horario de atendimento: 10:00 as 16:00 (dias uteis)"
194,"TIRADENTES, RJ",3072-4,"praca tiradentes num 46 - centro 2006070 - rio de janeiro, rj tel: (21) 4003-1043 ag. numero: 3072-4 horario de atendimento: 10:00 as 16:00 (dias uteis)"
195,"TORRE ALMIRANTE, RJ",3073-2,"avenida graca aranha num 327/333 - centro 200303 - rio de janeiro, rj tel: (21) 4003-1043 ag. numero: 3073-2 horario de atendimento: 10:00 as 16:00 (dias uteis)"
196,"URCA, RJ",0226-7,"rua marechal cantuaria num 174 - urca 2229160 - rio de janeiro, rj tel: (21) 4003-1043 ag. numero: 0226-7 horario de atendimento: 10:00 as 16:00 (dias uteis)"
197,"URUGUAI, RJ",4836-4,"rua uruguai num 255 - andarai 2051061 - rio de janeiro, rj tel: (21) 4003-1043 ag. numero: 4836-4 horario de atendimento: 10:00 as 16:00 (dias uteis)"
198,"VILA DA PENHA, RJ",0544-4,"avenida vicente de carvalho num 1490 - a - penha circular 21210154 - rio de janeiro, rj tel: (21) 4003-1043 ag. numero: 0544-4 horario de atendimento: 10:00 as 16:00 (dias uteis)"
199,"VILA ISABEL, RJ",0233-0,"avenida vinte e oito de setembro num 264 - vila isabel 2055131 - rio de janeiro, rj tel: (21) 4003-1043 ag. numero: 0233-0 horario de atendimento: 10:00 as 16:00 (dias uteis)"
200,"VILA KOSMOS, RJ",4706-6,"avenida vicente de carvalho num 995/997 - vila da penha 21210623 - rio de janeiro, rj tel: (21) 4003-1043 ag. numero: 4706-6 horario de atendimento: 10:00 as 16:00 (dias uteis)"
201,"VILA VALQUEIRE, RJ",4086-0,"estrada intendente magalhaes num 884 - vila valqueire 21331720 - rio de janeiro, rj tel: (21) 4003-1043 ag. numero: 4086-0 horario de atendimento: 10:00 as 16:00 (dias uteis)"
202,"SANTO ANTONIO DE PADUA, RJ",0191-0,"rua conselheiro paulino num 43 - centro 284700 - santo antonio de padua, rj tel: (22) 4003-1043 ag. numero: 0191-0 horario de atendimento: 10:00 as 15:00 (dias uteis)"
203,"SAO FIDELIS, RJ",0192-9,"avenida sete de setembro num 236 - centro 284000 - sao fidelis, rj tel: (22) 4003-1043 ag. numero: 0192-9 horario de atendimento: 10:00 as 15:00 (dias uteis)"
204,"SAO FRANCISCO DO ITABAPOANA, RJ",1331-5,"avenida vereador edenites da silva viana num 103 - centro 282300 - sao francisco de itabapoana, rj tel: (22) 4003-1043 ag. numero: 1331-5 horario de atendimento: 10:00 as 15:00 (dias uteis)"
205,"ALCANTARA, RJ",0889-3,"rua doutor alfredo backer num 536 - alcantara 244525 - sao goncalo, rj tel: (21) 4003-1043 ag. numero: 0889-3 horario de atendimento: 10:00 as 16:00 (dias uteis)"
206,"BAIRRO PARAISO, RJ",4161-0,"rua comandante ari parreiras num 2506 - paraiso 24426470 - sao goncalo, rj tel: (21) 4003-1043 ag. numero: 4161-0 horario de atendimento: 10:00 as 16:00 (dias uteis)"
207,"NOVA CIDADE, RJ",4978-6,"rua doutor nilo pecanha num 1026 - nova cidade 24445360 - sao goncalo, rj tel: (21) 4003-1043 ag. numero: 4978-6 horario de atendimento: 10:00 as 16:00 (dias uteis)"
208,"PRACA ZE GAROTO, RJ",4143-2,"rua coronel moreira cesar num 35 - centro 24440400 - sao goncalo, rj tel: (21) 4003-1043 ag. numero: 4143-2 horario de atendimento: 10:00 as 16:00 (dias uteis)"
209,"RAUL VEIGA, RJ",3594-7,"estrada raul veiga num 424 - alcantara 2473060 - sao goncalo, rj tel: (21) 4003-1043 ag. numero: 3594-7 horario de atendimento: 10:00 as 16:00 (dias uteis)"
210,"SAO GONCALO, RJ",0194-5,"rua doutor nilo pecanha num 125 - centro 24445360 - sao goncalo, rj tel: (21) 4003-1043 ag. numero: 0194-5 horario de atendimento: 10:00 as 16:00 (dias uteis)"
211,"SHOPPING SAO GONCALO, RJ",3028-7,"avenida sao goncalo num 100 - boa vista 24466315 - sao goncalo, rj tel: (21) 4003-1043 ag. numero: 3028-7 horario de atendimento: 10:00 as 16:00 (dias uteis)"
212,"SAO JOAO DA BARRA, RJ",3573-4,"avenida rotary num 383 - centro 282000 - sao joao da barra, rj tel: (22) 4003-1043 ag. numero: 3573-4 horario de atendimento: 10:00 as 15:00 (dias uteis)"
213,"PRACA DA MATRIZ, RJ",4761-9,"rua gessyr goncalves fontes num 126 - centro 25520570 - sao joao de meriti, rj tel: (21) 4003-1043 ag. numero: 4761-9 horario de atendimento: 10:00 as 16:00 (dias uteis)"
214,"SAO JOAO DE MERITI, RJ",0190-2,"avenida getulio de moura num 60 - centro 25520662 - sao joao de meriti, rj tel: (21) 4003-1043 ag. numero: 0190-2 horario de atendimento: 10:00 as 16:00 (dias uteis)"
215,"VILAR DOS TELES, RJ",4149-1,"avenida automovel clube num 2384 - jardim jose bonifacio 25565172 - sao joao de meriti, rj tel: (21) 4003-1043 ag. numero: 4149-1 horario de atendimento: 10:00 as 16:00 (dias uteis)"
216,"SAO PEDRO DA ALDEIA, RJ",1243-2,"rua adolfo silveira num 125 - centro 28941172 - sao pedro da aldeia, rj tel: (22) 4003-1043 ag. numero: 1243-2 horario de atendimento: 10:00 as 15:00 (dias uteis)"
217,"SAPUCAIA, RJ",2072-9,"rua mauricio de abreu num 07 - centro 258800 - sapucaia, rj tel: (24) 4003-1043 ag. numero: 2072-9 horario de atendimento: 10:00 as 15:00 (dias uteis)"
218,"SAQUAREMA, RJ",1332-3,"rua professor francisco fonseca num 366 - bacaxa (bacaxa) 28994795 - saquarema, rj tel: (22) 4003-1043 ag. numero: 1332-3 horario de atendimento: 10:00 as 15:00 (dias uteis)"
219,"SEROPEDICA, RJ",3071-6,"avenida ministro fernando costa num 1000 - boa esperanca 23894358 - seropedica, rj tel: (21) 4003-1043 ag. numero: 3071-6 horario de atendimento: 10:00 as 15:00 (dias uteis)"
220,"TANGUA, RJ",4872-0,"rua athaide salatiel de velasco num 50 - centro 248900 - tangua, rj tel: (21) 4003-1043 ag. numero: 4872-0 horario de atendimento: 10:00 as 15:00 (dias uteis)"
221,"AVENIDA FELICIANO SODRE, RJ",4650-7,"avenida feliciano sodre num 90 - varzea 2596381 - teresopolis, rj tel: (21) 4003-1043 ag. numero: 4650-7 horario de atendimento: 10:00 as 15:00 (dias uteis)"
222,"TERESOPOLIS, RJ",0193-7,"avenida delfim moreira num 686 - varzea 25953236 - teresopolis, rj tel: (21) 4003-1043 ag. numero: 0193-7 horario de atendimento: 10:00 as 15:00 (dias uteis)"
223,"TRES RIOS, RJ",0195-3,"rua quinze de novembro num 362 - centro 258040 - tres rios, rj tel: (24) 4003-1043 ag. numero: 0195-3 horario de atendimento: 10:00 as 15:00 (dias uteis)"
224,"VILA, RJ",1800-7,"rua joaquim pinto portela num 118 - vila isabel 25812464 - tres rios, rj tel: (24) 4003-1043 ag. numero: 1800-7 horario de atendimento: 10:00 as 15:00 (dias uteis)"
225,"VALENCA, RJ",0945-8,"praca visconde do rio preto num 222 - centro 276000 - valenca, rj tel: (24) 4003-1043 ag. numero: 0945-8 horario de atendimento: 10:00 as 15:00 (dias uteis)"
226,"VASSOURAS, RJ",0196-1,"avenida exp oswaldo almeida ramos num 155 - centro 277000 - vassouras, rj tel: (24) 4003-1043 ag. numero: 0196-1 horario de atendimento: 10:00 as 15:00 (dias uteis)"
227,"ATERRADO, RJ",4375-3,"avenida paulo de frontin num 90 - aterrado 27213150 - volta redonda, rj tel: (24) 4003-1043 ag. numero: 4375-3 horario de atendimento: 10:00 as 15:00 (dias uteis)"
228,"CIDADE DO ACO, RJ",1504-0,"avenida amaral peixoto num 858 - centro 27253223 - volta redonda, rj tel: (24) 4003-1043 ag. numero: 1504-0 horario de atendimento: 10:00 as 15:00 (dias uteis)"
229,"RETIRO, RJ",4018-5,"avenida savio cota de almeida gama num 1726 - retiro 27281422 - volta redonda, rj tel: (24) 4003-1043 ag. numero: 4018-5 horario de atendimento: 10:00 as 15:00 (dias uteis)"
230,"VOLTA REDONDA, RJ",0197-0,"rua general oswaldo pinto da veiga num 184 - vila santa cecilia 27260140 - volta redonda, rj tel: (24) 4003-1043 ag. numero: 0197-0 horario de atendimento: 10:00 as 15:00 (dias uteis)"
