,Nome,CGC,Endereco
0,"COSTA VERDE, RJ",4377-0,"avenida francisco magalhaes de castro num 920 - parque pereque (mambucaba) 2395320 - angra dos reis, rj ag. numero: 4377-0"
1,"AGRO CAMPOS DOS GOYTACAZES, RJ",7517-5,"boulevard francisco de paula carneiro num 1/9 - centro 28010230 - campos dos goytacazes, rj ag. numero: 7517-5"
2,"DIGITAL CAMPOS, RJ",5489-5,"boulevard francisco de paula carneiro num 1/9 - centro 28010230 - campos dos goytacazes, rj ag. numero: 5489-5"
3,"CASIMIRO DE ABREU, RJ",4870-4,"praca lucio andre num 5 - centro 288600 - casimiro de abreu, rj ag. numero: 4870-4"
4,AG EMPRESARIAL RIO METROPOLITANA,4264-1,"rua almirante grenfall num 405 bl 1 - parque duque 25085135 - duque de caxias, rj ag. numero: 4264-1"
5,"DIGITAL BAIXADA FLUMINENSE, RJ",2781-2,"avenida nilo pecanha num 249 - centro 25010145 - duque de caxias, rj ag. numero: 2781-2"
6,"PLATAFORMA EMPRESAS DUQUE CAXIAS,RJ",5417-8,"praca roberto silveira num 24 - centro 250705 - duque de caxias, rj ag. numero: 5417-8"
7,"ENG PAULO DE FRONTIN, RJ",4763-5,"rua joao batista ferrini num 65 - centro 266500 - engenheiro paulo de frontin, rj ag. numero: 4763-5"
8,AG EMPRESARIAL LESTE FLUMINENSE,4262-5,"avenida ernani do amaral peixoto num 335 - centro 2402071 - niteroi, rj ag. numero: 4262-5"
9,"DIGITAL NITEROI, RJ",2788-0,"avenida ernani do amaral peixoto num 335 - centro 24027900 - niteroi, rj ag. numero: 2788-0"
10,"ESTACAO DAS BARCAS, RJ",4670-1,"avenida ernani do amaral peixoto num 335 - centro 2402072 - niteroi, rj ag. numero: 4670-1"
11,"INGA, RJ",4725-2,"rua doutor nilo pecanha num 83 - inga 24210480 - niteroi, rj ag. numero: 4725-2"
12,"PLAT DIG METROPOLITANA, RJ",3820-2,"avenida ernani do amaral peixoto num 335 - centro 24027900 - niteroi, rj ag. numero: 3820-2"
13,"PLATAFORMA EMPRESAS NITEROI, RJ",6386-0,"avenida ernani do amaral peixoto num 335 - centro 2402072 - niteroi, rj ag. numero: 6386-0"
14,"TRT NITEROI, RJ",2732-4,"avenida ernani do amaral peixoto num 232 - centro 2402075 - niteroi, rj ag. numero: 2732-4"
15,"JUSTICA FEDERAL NOVA FRIBURGO, RJ",4014-2,"avenida engenheiro hans gaiser num 26 - centro 28605220 - nova friburgo, rj ag. numero: 4014-2"
16,"TOP SHOPPING, RJ",3238-7,"avenida governador roberto silveira num 540 - centro 2628560 - nova iguacu, rj ag. numero: 3238-7"
17,"ALTO DA SERRA, RJ",2217-9,"rua do imperador num 745 - centro 256203 - petropolis, rj ag. numero: 2217-9"
18,"DIGITAL SERRANA, RJ",7020-3,"rua do imperador, num 745 - centro 256203 - petropolis, rj ag. numero: 7020-3"
19,"28 DE SETEMBRO, RJ",3241-7,"boulevard vinte e oito de setembro num 36 - vila isabel 2055131 - rio de janeiro, rj ag. numero: 3241-7"
20,AG EMPRESARIAL RIO DE JANEIRO,4263-3,"avenida oscar niemeyer num 2000 - santo cristo 20220297 - rio de janeiro, rj ag. numero: 4263-3"
21,"ANCHIETA, RJ",0200-3,"avenida nazare num 2594 - anchieta 2164510 - rio de janeiro, rj ag. numero: 0200-3"
22,"BARRA BUSINESS, RJ",1458-3,"avenida das americas num 3301 - barra da tijuca 226313 - rio de janeiro, rj ag. numero: 1458-3"
23,"CNC, RJ",4015-0,"avenida general justo num 307 - centro 20021130 - rio de janeiro, rj ag. numero: 4015-0"
24,CORPORATIVO RIO DE JANEIRO,4497-0,"avenida oscar niemeyer num 2000 - santo cristo 20220297 - rio de janeiro, rj ag. numero: 4497-0"
25,"DIGITAL BARRA DA TIJUCA, RJ",2661-1,"avenida armando lombardi num 400 - barra da tijuca 226400 - rio de janeiro, rj ag. numero: 2661-1"
26,"DIGITAL GUANABARA, RJ",2660-3,"avenida oscar niemeyer num 2000 - santo cristo 20220297 - rio de janeiro, rj ag. numero: 2660-3"
27,"DIGITAL HORTO DAS ACACIAS, RJ",2784-7,"estrada de jacarepagua num 7845 - anil 2275333 - rio de janeiro, rj ag. numero: 2784-7"
28,"DIGITAL LEBLON, RJ",2662-0,"rua joao lira num 84 - leblon 22430210 - rio de janeiro, rj ag. numero: 2662-0"
29,"DIGITAL MARACANA, RJ",2663-8,"avenida oscar niemeyer num 2000 - santo cristo 20220297 - rio de janeiro, rj ag. numero: 2663-8"
30,"DIGITAL OESTE CARIOCA, RJ",2907-6,"avenida armando lombardi num 400 - barra da tijuca 226400 - rio de janeiro, rj ag. numero: 2907-6"
31,"DIGITAL PAO DE ACUCAR, RJ",3884-9,"rua das marrecas num 20 - centro 20031120 - rio de janeiro, rj ag. numero: 3884-9"
32,"ENGENHO DE DENTRO, RJ",2030-3,"rua adolfo bergamini num 37 - engenho de dentro 207300 - rio de janeiro, rj ag. numero: 2030-3"
33,"ESTACAO LUCAS, RJ",4948-4,"rua itapera num 500 - iraja 21230500 - rio de janeiro, rj ag. numero: 4948-4"
34,"FORUM CRIMINAL TRF, RJ",4117-3,"avenida venezuela num 134 - saude 20081312 - rio de janeiro, rj ag. numero: 4117-3"
35,"JUSTICA FEDERAL RIO DE JANEIRO, RJ",0625-4,"avenida rio branco num 241/243 - centro 200409 - rio de janeiro, rj ag. numero: 0625-4"
36,"LARGO DO LUME, RJ",4780-5,"avenida graca aranha num 327/333 - centro 200303 - rio de janeiro, rj ag. numero: 4780-5"
37,"MARECHAL MASCARENHAS, RJ",0839-7,"avenida nossa senhora de copacabana num 1424 - copacabana 2207012 - rio de janeiro, rj ag. numero: 0839-7"
38,"MONSENHOR FELIX, RJ",4456-3,"avenida monsenhor felix num 1094 - iraja 21235112 - rio de janeiro, rj ag. numero: 4456-3"
39,"PALACIO DA FAZENDA, RJ",0222-4,"avenida presidente antonio carlos num 375 - centro 2002010 - rio de janeiro, rj ag. numero: 0222-4"
40,"PALACIO DO EXERCITO, RJ",0214-3,"praca duque de caxias num 25 - centro 20221260 - rio de janeiro, rj ag. numero: 0214-3"
41,"PETROBRAS RIO, RJ",7947-2,"avenida av republica do chile 65 num 65 - centro 20031912 - rio de janeiro, rj ag. numero: 7947-2"
42,"PLAT DIG CARIOCA, RJ",3765-6,"avenida oscar niemeyer num 2000 - santo cristo 20220297 - rio de janeiro, rj ag. numero: 3765-6"
43,"PLAT DIG RIO JANEIRO CAPITAL, RJ",3766-4,"avenida oscar niemeyer num 2000 - santo cristo 20220297 - rio de janeiro, rj ag. numero: 3766-4"
44,"PLAT EMPRESAS GRANDE LEOPOLDINA, RJ",5433-0,"avenida meriti num 2207 - vila da penha 212117 - rio de janeiro, rj ag. numero: 5433-0"
45,"PLATAFORMA EMPRESAS BARRA TIJUCA,RJ",6392-4,"avenida armando lombardi num 400 - barra da tijuca 226400 - rio de janeiro, rj ag. numero: 6392-4"
46,"PLATAFORMA EMPRESAS CARIOCA, RJ",6393-2,"rua da carioca num 27,29,31,33 - centro 200508 - rio de janeiro, rj ag. numero: 6393-2"
47,"PLATAFORMA EMPRESAS GRAN TIJUCA, RJ",6384-3,"rua conde de bonfim num 302 - tijuca 2052054 - rio de janeiro, rj ag. numero: 6384-3"
48,"PLATAFORMA EMPRESAS GRANDE MEIER,RJ",6400-9,"avenida dom helder camara num 5795 - cachambi 207711 - rio de janeiro, rj ag. numero: 6400-9"
49,"PLATAFORMA EMPRESAS LEBLON, RJ",6357-6,"rua joao lira num 84 - leblon 22430210 - rio de janeiro, rj ag. numero: 6357-6"
50,"PLATAFORMA EMPRESAS MADUREIRA, RJ",5499-2,"rua carvalho de souza num 283 - madureira 21350180 - rio de janeiro, rj ag. numero: 5499-2"
51,"PLATAFORMA EMPRESAS RIO JANEIRO, RJ",6343-6,"rua das marrecas num 20 - centro 20031120 - rio de janeiro, rj ag. numero: 6343-6"
52,"PLATAFORMA EMPRESAS RJ NORTE, RJ",6355-0,"rua cardoso de morais num 251 - bonsucesso 210320 - rio de janeiro, rj ag. numero: 6355-0"
53,"PLATAFORMA EMPRESAS Z OESTE RIO, RJ",7095-5,"avenida conego de vasconcelos num 367 - bangu 2181011 - rio de janeiro, rj ag. numero: 7095-5"
54,"PLATAFORMA EMPRESAS ZONA SUL, RJ",6390-8,"rua das laranjeiras num 43 - laranjeiras 222400 - rio de janeiro, rj ag. numero: 6390-8"
55,PRIVATE RIO DE JANEIRO,4867-4,"avenida oscar niemeyer num 2000 - santo cristo 20220297 - rio de janeiro, rj ag. numero: 4867-4"
56,"RIO NORTE, RJ",1411-7,"rua conde de bonfim num 120 - tijuca 2052053 - rio de janeiro, rj ag. numero: 1411-7"
57,"ROCINHA, RJ",4193-9,"avenida niemeyer num 776 - sao conrado 22450221 - rio de janeiro, rj ag. numero: 4193-9"
58,"RUA DA ALFANDEGA, RJ",2501-1,"rua da alfandega num 115 - centro 200703 - rio de janeiro, rj ag. numero: 2501-1"
59,"RUA DA PASSAGEM, RJ",3106-2,"rua da passagem num 123 - botafogo 2229031 - rio de janeiro, rj ag. numero: 3106-2"
60,"RUA DO PRADO, RJ",4944-1,"rua felipe cardoso num 581 - santa cruz 235106 - rio de janeiro, rj ag. numero: 4944-1"
61,"SESC SENAC NACIONAL, RJ",2699-9,"avenida ayrton senna num 5555 - barra da tijuca 227754 - rio de janeiro, rj ag. numero: 2699-9"
62,"TRF RIO DE JANEIRO, RJ",4021-5,"rua acre num 80 - centro 200810 - rio de janeiro, rj ag. numero: 4021-5"
63,"TRT 1A REGIAO RIO DE JANEIRO, RJ",4044-4,"rua araujo porto alegre num 36 - centro 20030902 - rio de janeiro, rj ag. numero: 4044-4"
64,"VISTA ALEGRE RIO, RJ",4472-5,"avenida meriti num 2207 - vila da penha 212117 - rio de janeiro, rj ag. numero: 4472-5"
65,"ROCHA, RJ",1853-8,"rua coronel moreira cesar num 35 - centro 24440400 - sao goncalo, rj ag. numero: 1853-8"
66,"SHOPPING GRANDE RIO, RJ",2973-4,"rodovia presidente dutra num 4200 - jardim jose bonifacio 25586140 - sao joao de meriti, rj ag. numero: 2973-4"
67,"CSN PATIO SOM, RJ",4971-9,"rod lucio meira km 5 - vila santa cecilia 27269900 - volta redonda, rj ag. numero: 4971-9"
68,"CSN ZONA LESTE, RJ",4997-2,"rod lucio meira km 5 km 393 - vila santa cecilia 27269900 - volta redonda, rj ag. numero: 4997-2"
69,"DIGITAL SUL FLUMINENSE, RJ",3767-2,"rua vinte e cinco num 184 - vila santa cecilia 27260150 - volta redonda, rj ag. numero: 3767-2"
